"Project","Site","plot","grid","Depth_cm","Analyte","Sample_ID","npoc_mgL","npoc_uM","npoc_flag","tdn_mgL","tdn_uM","tdn_flag","Analysis_runtime","Run_notes","Field_notes","Evacuation_date_YYYMMDD","Collection_Date_YYYYMMDD","Collection_Start_Time_24hrs","Collection_End_Time_24hrs","EST_EDT","Volume_mL"
"COMPASS","TEMPEST","FW","H6","15cm","DOC","TMP_FW_H6_20220620_T0_15cm",14.41,1200.83333333333,NA,0.54,38.5714285714286,NA,"NA",NA,"DOC+iso+pool",NA,"20220620","1015",1415,NA,7
"COMPASS","TEMPEST","FW","C6","15cm","DOC","TMP_FW_C6_20220620_T0_15cm",8.27,689.166666666667,NA,0.36,25.7142857142857,"blank is ≥ 25% of sample value","NA",NA,"DOC+iso+pool",NA,"20220620","1015",1415,NA,7
"COMPASS","TEMPEST","FW","I5","15cm","DOC","TMP_FW_I5_20220620_T0_15cm",15.67,1305.83333333333,NA,0.7,50,NA,"NA",NA,"All subsample",NA,"20220620","1015",1415,NA,7
"COMPASS","TEMPEST","SW","C3","15cm","DOC","TMP_SW_C3_20220622_T1_15cm",15.5,1291.66666666667,NA,0.93,66.4285714285714,NA,"NA",NA,"1 rinse between lysimeters",NA,"20220622","1247",1647,NA,10
"COMPASS","TEMPEST","SW","H6","15cm","DOC","TMP_SW_H6_20220622_T1_15cm",7.25,604.166666666667,NA,0.37,26.4285714285714,"blank is ≥ 25% of sample value","NA",NA,"1 rinse between lysimeters",NA,"20220622","1247",1647,NA,9
"COMPASS","TEMPEST","SW","B4","15cm","DOC","TMP_SW_B4_20220622_T1_15cm",11.37,947.5,NA,0.48,34.2857142857143,NA,"NA",NA,"1 rinse between lysimeters",NA,"20220622","1247",1647,NA,10
"COMPASS","TEMPEST","FW","F4","15cm","DOC","TMP_FW_F4_20220622_T1_15cm",10.45,870.833333333333,NA,0.49,35,NA,"NA",NA,NA,NA,"20220622","1245",1645,NA,9
"COMPASS","TEMPEST","SW","E3","15cm","DOC","TMP_SW_E3_20220622_T1_15cm",4.9,408.333333333333,NA,0.44,31.4285714285714,NA,"NA",NA,"3 rinse between lysimeter",NA,"20220622","1247",1647,NA,10
"COMPASS","TEMPEST","FW","I5","15cm","DOC","TMP_FW_I5_20220622_T1_15cm",26.89,2240.83333333333,NA,0.42,30,NA,"NA",NA,NA,NA,"20220622","1245",1645,NA,10
"COMPASS","TEMPEST","FW","C6","15cm","DOC","TMP_FW_C6_20220622_T1_15cm",1.27,105.833333333333,"blank is ≥ 25% of sample value",0.08,5.71428571428571,"blank is ≥ 25% of sample value","NA",NA,NA,NA,"20220622","1245",1645,NA,7
"COMPASS","TEMPEST","FW","C3","15cm","DOC","TMP_FW_C3_20220622_T1_15cm",5.54,461.666666666667,NA,0.18,12.8571428571429,"blank is ≥ 25% of sample value","NA",NA,"General note: vibes- spicy",NA,"20220622","1245",1645,NA,7.5
"COMPASS","TEMPEST","FW","H3","15cm","DOC","TMP_FW_H3_20220622_T1_15cm",5.62,468.333333333333,NA,0.24,17.1428571428571,"blank is ≥ 25% of sample value","NA",NA,NA,NA,"20220622","1245",1645,NA,10
"COMPASS","TEMPEST","FW","D5","15cm","DOC","TMP_FW_D5_20220622_T1_15cm",4.67,389.166666666667,NA,0.16,11.4285714285714,"blank is ≥ 25% of sample value","NA",NA,NA,NA,"20220622","1245",1645,NA,10
"COMPASS","TEMPEST","FW","H3","15cm","DOC","TMP_FW_H3_20220622_T2_15cm",4.86,405,NA,0.21,15,"blank is ≥ 25% of sample value","NA",NA,NA,NA,"20220622",NA,2014,NA,7
"COMPASS","TEMPEST","FW","F6","15cm","DOC","TMP_FW_F6_20220622_T2_15cm",7.4,616.666666666667,NA,0.26,18.5714285714286,"blank is ≥ 25% of sample value","NA",NA,NA,NA,"20220622",NA,2014,NA,7
"COMPASS","TEMPEST","FW","F4","15cm","DOC","TMP_FW_F4_20220622_T2_15cm",8.13,677.5,NA,0.27,19.2857142857143,"blank is ≥ 25% of sample value","NA",NA,NA,NA,"20220622",NA,2014,NA,7
"COMPASS","TEMPEST","FW","E3","15cm","DOC","TMP_FW_E3_20220622_T2_15cm",6.74,561.666666666667,NA,0.23,16.4285714285714,"blank is ≥ 25% of sample value","NA",NA,NA,NA,"20220622",NA,2014,NA,7.5
"COMPASS","TEMPEST","FW","H6","15cm","DOC","TMP_FW_H6_20220622_T2_15cm",2.81,234.166666666667,NA,0.08,5.71428571428571,"blank is ≥ 25% of sample value","NA",NA,NA,NA,"20220622",NA,2014,NA,7
"COMPASS","TEMPEST","FW","C3","15cm","DOC","TMP_FW_C3_20220622_T2_15cm",9.72,810,NA,0.25,17.8571428571429,"blank is ≥ 25% of sample value","NA",NA,"General note: vibe- tired raccoon",NA,"20220622",NA,2014,NA,10
"COMPASS","TEMPEST","FW","I5","15cm","DOC","TMP_FW_I5_20220622_T2_15cm",18.61,1550.83333333333,NA,0.3,21.4285714285714,NA,"NA",NA,NA,NA,"20220622",NA,2014,NA,10
"COMPASS","TEMPEST","SW","B4","15cm","DOC","TMP_SW_B4_20220622_T2_15cm",7.3,608.333333333333,NA,0.47,33.5714285714286,NA,"NA",NA,NA,NA,"20220622","1614",2014,NA,7
"COMPASS","TEMPEST","SW","I5","15cm","DOC","TMP_SW_I5_20220622_T2_15cm",11.85,987.5,NA,1.25,89.2857142857143,NA,"NA",NA,NA,NA,"20220622","1614",2014,NA,10
"COMPASS","TEMPEST","SW","D5","15cm","DOC","TMP_SW_D5_20220622_T2_15cm",4.66,388.333333333333,NA,0.4,28.5714285714286,NA,"NA",NA,NA,NA,"20220622","1614",2014,NA,7
"COMPASS","TEMPEST","SW","F6","15cm","DOC","TMP_SW_F6_20220622_T2_15cm",5.09,424.166666666667,NA,0.36,25.7142857142857,NA,"NA",NA,NA,NA,"20220622","1614",2014,NA,7
"COMPASS","TEMPEST","SW","F4","15cm","DOC","TMP_SW_F4_20220622_T2_15cm",10.66,888.333333333333,NA,0.53,37.8571428571429,NA,"NA",NA,NA,NA,"20220622","1614",2014,NA,7
"COMPASS","TEMPEST","SW","H3","15cm","DOC","TMP_SW_H3_20220622_T2_15cm",6.53,544.166666666667,NA,0.57,40.7142857142857,NA,"NA",NA,NA,NA,"20220622","1614",2014,NA,7
"COMPASS","TEMPEST","SW","E3","15cm","DOC","TMP_SW_E3_20220622_T2_15cm",2.78,231.666666666667,NA,0.17,12.1428571428571,"blank is ≥ 25% of sample value","NA",NA,NA,NA,"20220622","1614",2014,NA,10
"COMPASS","TEMPEST","SW","C3","15cm","DOC","TMP_SW_C3_20220622_T2_15cm",8.48,706.666666666667,NA,0.5,35.7142857142857,NA,"NA",NA,"General note: AMP sampled GW well at 17:17, 17:32 pumped GW well for 2 min, didn't empty",NA,"20220622","1614",2014,NA,10
"COMPASS","TEMPEST","FW","B4","15cm","DOC","TMP_FW_B4_20220622_T2_15cm",16.87,1405.83333333333,"blank is ≥ 25% of sample value",1.63,116.428571428571,"blank is ≥ 25% of sample value","NA",NA,NA,NA,"20220622",NA,2014,NA,7
"COMPASS","TEMPEST","SW","H6","15cm","DOC","TMP_SW_H6_20220622_T2_15cm",15.52,1293.33333333333,"blank is ≥ 25% of sample value",1.65,117.857142857143,"blank is ≥ 25% of sample value","NA",NA,NA,NA,"20220622","1614",2014,NA,7
"COMPASS","TEMPEST","FW","D5","15cm","DOC","TMP_FW_D5_20220622_T2_15cm",5.9,491.666666666667,NA,0.28,20,"blank is ≥ 25% of sample value","NA",NA,NA,NA,"20220622",NA,2014,NA,10
"COMPASS","TEMPEST","FW","E3","15cm","DOC","TMP_FW_E3_20220622_T1_15cm",6.03,502.5,NA,0.3,21.4285714285714,"blank is ≥ 25% of sample value","NA",NA,NA,NA,"20220622","1245",1645,NA,9
"COMPASS","TEMPEST","SW","F6","15cm","DOC","TMP_SW_F6_20220622_T1_15cm",10.4,866.666666666667,NA,0.57,40.7142857142857,"blank is ≥ 25% of sample value","NA",NA,"3 rinse between lysimeter",NA,"20220622","1247",1647,NA,10
"COMPASS","TEMPEST","FW","H6","15cm","DOC","TMP_FW_H6_20220622_T1_15cm",NA,NA,"omitted for high dilution and blank values",NA,NA,"omitted for high dilution and blank values","NA",NA,NA,NA,"20220622","1245",1645,NA,6.8
"COMPASS","TEMPEST","FW","B4","15cm","DOC","TMP_FW_B4_20220622_T1_15cm",NA,NA,"omitted for high dilution and blank values",NA,NA,"omitted for high dilution and blank values","NA",NA,NA,NA,"20220622","1245",1645,NA,7
"COMPASS","TEMPEST","FW","F6","15cm","DOC","TMP_FW_F6_20220622_T1_15cm",NA,NA,"omitted for high dilution and blank values",NA,NA,"omitted for high dilution and blank values","NA",NA,NA,NA,"20220622","1245",1645,NA,7
"COMPASS","TEMPEST","FW","C6","15cm","DOC","TMP_FW_C6_20220622_T2_15cm",NA,NA,"omitted for high dilution and blank values",NA,NA,"omitted for high dilution and blank values","NA",NA,NA,NA,"20220622",NA,2014,NA,7
"COMPASS","TEMPEST","C","H6","15cm","DOC","TMP_C_H6_20220622_T2_15cm",19.16,1596.66666666667,NA,0.59,42.1428571428571,"blank is ≥ 25% of sample value","NA",NA,"9 mL kept for CDOM, additional 1 mL thrown out - no use for further pooling",NA,"20220622","1634",2034,NA,7.5
"COMPASS","TEMPEST","C","C6","15cm","DOC","TMP_C_C6_20220623_T3_15cm",24.39,2032.5,NA,0.72,51.4285714285714,NA,"NA",NA,NA,NA,"20220623","0938",1338,NA,7.5
"COMPASS","TEMPEST","FW","H3","15cm","DOC","TMP_FW_H3_20220623_T3_15cm",10.23,852.5,NA,0.3,21.4285714285714,NA,"NA",NA,NA,NA,"20220623",NA,1338,NA,10
"COMPASS","TEMPEST","FW","F4","15cm","DOC","TMP_FW_F4_20220623_T3_15cm",9.6,800,NA,0.32,22.8571428571429,NA,"NA",NA,NA,NA,"20220623",NA,1338,NA,7
"COMPASS","TEMPEST","C","H6","15cm","DOC","TMP_C_H6_20220623_T3_15cm",20.74,1728.33333333333,NA,0.62,44.2857142857143,NA,"NA",NA,NA,NA,"20220623","0938",1338,NA,7.5
"COMPASS","TEMPEST","C","I5","15cm","DOC","TMP_C_I5_20220623_T3_15cm",22.93,1910.83333333333,NA,0.67,47.8571428571429,NA,"NA",NA,NA,NA,"20220623","0938",1338,NA,7
"COMPASS","TEMPEST","SW","B4","15cm","DOC","TMP_SW_B4_20220623_T3_15cm",9.22,768.333333333333,NA,0.52,37.1428571428572,NA,"NA",NA,NA,NA,"20220623","0941",1341,NA,10
"COMPASS","TEMPEST","FW","H6","15cm","DOC","TMP_FW_H6_20220623_T3_15cm",10.03,835.833333333333,NA,0.35,25,NA,"NA",NA,NA,NA,"20220623",NA,1338,NA,10
"COMPASS","TEMPEST","SW","C3","15cm","DOC","TMP_SW_C3_20220623_T3_15cm",13.23,1102.5,NA,1.19,85,NA,"NA",NA,"General note: raining relatively hard, but not pouring. Pools near many of the lysimeters but not as many or as large as during water treatment",NA,"20220623","0941",1341,NA,10
"COMPASS","TEMPEST","C","B4","15cm","DOC","TMP_C_B4_20220623_T3_15cm",11.82,985,NA,0.37,26.4285714285714,NA,"NA",NA,"lost a couple mLs of pooled samples",NA,"20220623","0938",1338,NA,8
"COMPASS","TEMPEST","FW","C6","15cm","DOC","TMP_FW_C6_20220623_T3_15cm",8.39,699.166666666667,NA,0.34,24.2857142857143,NA,"NA",NA,NA,NA,"20220623",NA,1338,NA,7
"COMPASS","TEMPEST","FW","C3","15cm","DOC","TMP_FW_C3_20220623_T3_15cm",13.79,1149.16666666667,NA,0.43,30.7142857142857,NA,"NA",NA,"General note: Vibes- wet AF aka drowned rat",NA,"20220623",NA,1338,NA,10
"COMPASS","TEMPEST","FW","E3","15cm","DOC","TMP_FW_E3_20220623_T3_15cm",7.32,610,NA,0.27,19.2857142857143,NA,"NA",NA,NA,NA,"20220623",NA,1338,NA,7
"COMPASS","TEMPEST","FW","B4","15cm","DOC","TMP_FW_B4_20220623_T3_15cm",7.87,655.833333333333,NA,0.33,23.5714285714286,NA,"NA",NA,NA,NA,"20220623",NA,1338,NA,7
"COMPASS","TEMPEST","SW","H6","15cm","DOC","TMP_SW_H6_20220623_T3_15cm",7.4,616.666666666667,NA,0.39,27.8571428571429,NA,"NA",NA,NA,NA,"20220623","0941",1341,NA,7
"COMPASS","TEMPEST","SW","E3","15cm","DOC","TMP_SW_E3_20220623_T3_15cm",6.41,534.166666666667,NA,0.41,29.2857142857143,NA,"NA",NA,NA,NA,"20220623","0941",1341,NA,7
"COMPASS","TEMPEST","SW","D5","15cm","DOC","TMP_SW_D5_20220623_T3_15cm",8.04,670,NA,0.82,58.5714285714286,NA,"NA",NA,NA,NA,"20220623","0941",1341,NA,7
"COMPASS","TEMPEST","SW","F6","15cm","DOC","TMP_SW_F6_20220623_T3_15cm",5.3,441.666666666667,NA,0.52,37.1428571428572,NA,"NA",NA,NA,NA,"20220623","0941",1341,NA,10
"COMPASS","TEMPEST","SW","I5","15cm","DOC","TMP_SW_I5_20220623_T3_15cm",15.07,1255.83333333333,NA,1.9,135.714285714286,NA,"NA",NA,NA,NA,"20220623","0941",1341,NA,10
"COMPASS","TEMPEST","FW","F6","15cm","DOC","TMP_FW_F6_20220623_T3_15cm",NA,NA,"omitted for high dilution and blank values",NA,NA,"omitted for high dilution and blank values","NA",NA,NA,NA,"20220623",NA,1338,NA,7
"COMPASS","TEMPEST","FW","I5","15cm","DOC","TMP_FW_I5_20220623_T3_15cm",13.92,1160,NA,0.58,41.4285714285714,NA,"NA",NA,NA,NA,"20220623",NA,1338,NA,10
"COMPASS","TEMPEST","FW","D5","15cm","DOC","TMP_FW_D5_20220623_T3_15cm",6.94,578.333333333333,NA,0.29,20.7142857142857,"blank is ≥ 25% of sample value","NA",NA,NA,NA,"20220623",NA,1338,NA,10
"COMPASS","TEMPEST","SW","C6","15cm","DOC","TMP_SW_C6_20220623_T3_15cm",7.42,618.333333333333,NA,0.78,55.7142857142857,NA,"NA",NA,"Dead frog near lysimeter",NA,"20220623","0941",1341,NA,7
"COMPASS","TEMPEST","FW","I5","15cm","DOC","TMP_FW_I5_20220624_T4_15cm",14.52,1210,NA,0.54,38.5714285714286,NA,"NA",NA,NA,NA,"20220624","1216",1616,NA,10
"COMPASS","TEMPEST","C","I5","15cm","DOC","TMP_C_I5_20220624_T4_15cm",26.29,2190.83333333333,NA,1.45,103.571428571429,NA,"NA",NA,NA,NA,"20220624","12",1600,NA,10
"COMPASS","TEMPEST","C","D5","15cm","DOC","TMP_C_D5_20220624_T4_15cm",19.76,1646.66666666667,NA,0.56,40,NA,"NA",NA,NA,NA,"20220624","12",1600,NA,10
"COMPASS","TEMPEST","FW","H3","15cm","DOC","TMP_FW_H3_20220624_T4_15cm",9.86,821.666666666667,NA,0.37,26.4285714285714,NA,"NA",NA,NA,NA,"20220624","1216",1616,NA,10
"COMPASS","TEMPEST","SW","B4","15cm","DOC","TMP_SW_B4_20220624_T4_15cm",8.94,745,NA,0.52,37.1428571428572,NA,"NA",NA,NA,NA,"20220624","1215",1615,NA,10
"COMPASS","TEMPEST","SW","F4","15cm","DOC","TMP_SW_F4_20220624_T4_15cm",14.84,1236.66666666667,NA,0.64,45.7142857142857,NA,"NA",NA,NA,NA,"20220624","1215",1615,NA,10
"COMPASS","TEMPEST","C","E3","15cm","DOC","TMP_C_E3_20220624_T4_15cm",11.68,973.333333333333,NA,0.72,51.4285714285714,NA,"NA",NA,NA,NA,"20220624","12",1600,NA,7
"COMPASS","TEMPEST","FW","C3","15cm","DOC","TMP_FW_C3_20220624_T4_15cm",18.09,1507.5,NA,1,71.4285714285714,NA,"NA",NA,NA,NA,"20220624","1216",1616,NA,10
"COMPASS","TEMPEST","SW","E3","15cm","DOC","TMP_SW_E3_20220624_T4_15cm",7.79,649.166666666667,NA,0.46,32.8571428571429,NA,"NA",NA,NA,NA,"20220624","1215",1615,NA,10
"COMPASS","TEMPEST","SW","D5","15cm","DOC","TMP_SW_D5_20220624_T4_15cm",11.09,924.166666666667,NA,0.78,55.7142857142857,NA,"NA",NA,NA,NA,"20220624","1215",1615,NA,10
"COMPASS","TEMPEST","SW","H6","15cm","DOC","TMP_SW_H6_20220624_T4_15cm",10.3,858.333333333333,NA,0.71,50.7142857142857,NA,"NA",NA,NA,NA,"20220624","1215",1615,NA,10
"COMPASS","TEMPEST","FW","F4","15cm","DOC","TMP_FW_F4_20220624_T4_15cm",11.22,935,NA,0.49,35,NA,"NA",NA,NA,NA,"20220624","1216",1616,NA,10
"COMPASS","TEMPEST","FW","F6","15cm","DOC","TMP_FW_F6_20220624_T4_15cm",13.74,1145,NA,0.56,40,NA,"NA",NA,NA,NA,"20220624","1216",1616,NA,10
"COMPASS","TEMPEST","SW","H3","15cm","DOC","TMP_SW_H3_20220624_T4_15cm",5.83,485.833333333333,NA,0.49,35,NA,"NA",NA,NA,NA,"20220624","1215",1615,NA,10
"COMPASS","TEMPEST","FW","C6","15cm","DOC","TMP_FW_C6_20220624_T4_15cm",7.03,585.833333333333,NA,0.31,22.1428571428571,NA,"NA",NA,NA,NA,"20220624","1216",1616,NA,10
"COMPASS","TEMPEST","SW","I5","15cm","DOC","TMP_SW_I5_20220624_T4_15cm",15.9,1325,NA,1.5,107.142857142857,NA,"NA",NA,NA,NA,"20220624","1215",1615,NA,10
"COMPASS","TEMPEST","FW","H6","15cm","DOC","TMP_FW_H6_20220624_T4_15cm",10.37,864.166666666667,NA,0.42,30,NA,"NA",NA,NA,NA,"20220624","1216",1616,NA,10
"COMPASS","TEMPEST","C","F6","15cm","DOC","TMP_C_F6_20220624_T4_15cm",19.97,1664.16666666667,NA,0.75,53.5714285714286,NA,"NA",NA,NA,NA,"20220624","12",1600,NA,10
"COMPASS","TEMPEST","FW","D5","15cm","DOC","TMP_FW_D5_20220624_T4_15cm",8.09,674.166666666667,NA,0.28,20,NA,"NA",NA,NA,NA,"20220624","1216",1616,NA,10
"COMPASS","TEMPEST","C","H6","15cm","DOC","TMP_C_H6_20220624_T4_15cm",21.31,1775.83333333333,NA,0.77,55,NA,"NA",NA,NA,NA,"20220624","12",1600,NA,10
"COMPASS","TEMPEST","SW","C6","15cm","DOC","TMP_SW_C6_20220624_T4_15cm",10.46,871.666666666667,NA,0.84,60,NA,"NA",NA,NA,NA,"20220624","1215",1615,NA,10
"COMPASS","TEMPEST","FW","B4","15cm","DOC","TMP_FW_B4_20220624_T4_15cm",9.79,815.833333333333,NA,0.36,25.7142857142857,NA,"NA",NA,NA,NA,"20220624","1216",1616,NA,10
"COMPASS","TEMPEST","C","H3","15cm","DOC","TMP_C_H3_20220624_T4_15cm",22.94,1911.66666666667,NA,0.82,58.5714285714286,NA,"NA",NA,NA,NA,"20220624","12",1600,NA,10
"COMPASS","TEMPEST","FW","E3","15cm","DOC","TMP_FW_E3_20220624_T4_15cm",10.51,875.833333333333,NA,0.36,25.7142857142857,NA,"NA",NA,NA,NA,"20220624","1216",1616,NA,10
"COMPASS","TEMPEST","SW","C3","15cm","DOC","TMP_SW_C3_20220624_T4_15cm",14.34,1195,NA,1.36,97.1428571428572,NA,"NA",NA,NA,NA,"20220624","1215",1615,NA,10
"COMPASS","TEMPEST","SW","F6","15cm","DOC","TMP_SW_F6_20220624_T4_15cm",5.81,484.166666666667,NA,0.39,27.8571428571429,NA,"NA",NA,NA,NA,"20220624","1215",1615,NA,10
"COMPASS","TEMPEST","C","B4","15cm","DOC","TMP_C_B4_20220518_T1_15cm",18.19,1515.83333333333,"average value of multiple aliquots",NA,NA,"replicates greater than 25% different","NA",NA,NA,20220513,"20220518",NA,1559,NA,20
"COMPASS","TEMPEST","C","B4","15cm","DOC","TMP_C_B4_20220518_T2_15cm",18.19,1515.83333333333,"average value of multiple aliquots",NA,NA,"replicates greater than 25% different","NA",NA,NA,20220513,"20220518",NA,1559,NA,20
"COMPASS","TEMPEST","C","C6","15cm","DOC","TMP_C_C6_20220518_T1_15cm",9.235,769.583333333333,"average value of multiple aliquots",0.365,26.0714285714286,"average value of multiple aliquots","NA",NA,NA,20220513,"20220518",NA,1559,NA,20
"COMPASS","TEMPEST","C","C6","15cm","DOC","TMP_C_C6_20220518_T2_15cm",9.235,769.583333333333,"average value of multiple aliquots",0.365,26.0714285714286,"average value of multiple aliquots","NA",NA,NA,20220513,"20220518",NA,1559,NA,20
"COMPASS","TEMPEST","C","D5","15cm","DOC","TMP_C_D5_20220518_T1_15cm",18.36,1530,NA,0.66,47.1428571428571,NA,"NA",NA,NA,20220513,"20220518",NA,1559,NA,18
"COMPASS","TEMPEST","C","E3","15cm","DOC","TMP_C_E3_20220518_T1_15cm",9.88,823.333333333333,"average value of multiple aliquots",0.535,38.2142857142857,"average value of multiple aliquots","NA",NA,NA,20220513,"20220518",NA,1559,NA,20
"COMPASS","TEMPEST","C","E3","15cm","DOC","TMP_C_E3_20220518_T2_15cm",9.88,823.333333333333,"average value of multiple aliquots",0.535,38.2142857142857,"average value of multiple aliquots","NA",NA,NA,20220513,"20220518",NA,1559,NA,20
"COMPASS","TEMPEST","C","F4","15cm","DOC","TMP_C_F4_20220518_T1_15cm",8.13,677.5,NA,0.47,33.5714285714286,NA,"NA",NA,NA,20220513,"20220518",NA,1559,NA,8
"COMPASS","TEMPEST","C","F6","15cm","DOC","TMP_C_F6_20220518_T1_15cm",7.46,621.666666666667,"average value of multiple aliquots",0.335,23.9285714285714,"average value of multiple aliquots","NA",NA,NA,20220513,"20220518",NA,1559,NA,20
"COMPASS","TEMPEST","C","F6","15cm","DOC","TMP_C_F6_20220518_T2_15cm",7.46,621.666666666667,"average value of multiple aliquots",0.335,23.9285714285714,"average value of multiple aliquots","NA",NA,NA,20220513,"20220518",NA,1559,NA,20
"COMPASS","TEMPEST","C","H3","15cm","DOC","TMP_C_H3_20220518_T1_15cm",NA,NA,"replicates greater than 25% different",NA,NA,"replicates greater than 25% different","NA",NA,NA,20220513,"20220518",NA,1559,NA,20
"COMPASS","TEMPEST","C","H3","15cm","DOC","TMP_C_H3_20220518_T2_15cm",NA,NA,"replicates greater than 25% different",NA,NA,"replicates greater than 25% different","NA",NA,NA,20220513,"20220518",NA,1559,NA,20
"COMPASS","TEMPEST","C","H6","15cm","DOC","TMP_C_H6_20220518_T1_15cm",13.92,1160,NA,0.47,33.5714285714286,NA,"NA",NA,NA,20220513,"20220518",NA,1559,NA,12
"COMPASS","TEMPEST","C","I5","15cm","DOC","TMP_C_I5_20220518_T1_15cm",9.385,782.083333333333,"average value of multiple aliquots",NA,NA,"replicates greater than 25% different","NA",NA,NA,20220513,"20220518",NA,1559,NA,20
"COMPASS","TEMPEST","C","I5","15cm","DOC","TMP_C_I5_20220518_T2_15cm",9.385,782.083333333333,"average value of multiple aliquots",NA,NA,"replicates greater than 25% different","NA",NA,NA,20220513,"20220518",NA,1559,NA,20
"COMPASS","TEMPEST","FW","C3","15cm","DOC","TMP_FW_C3_20220518_T1_15cm",7.01,584.166666666667,NA,0.33,23.5714285714286,NA,"NA",NA,NA,20220512,"20220518",NA,1559,NA,8
"COMPASS","TEMPEST","FW","C3","15cm","DOC","TMP_FW_C3_20220520_T2_15cm",NA,NA,"replicates greater than 25% different",NA,NA,"replicates greater than 25% different","NA",NA,NA,20220518,"20220520",NA,1559,NA,20
"COMPASS","TEMPEST","FW","C6","15cm","DOC","TMP_FW_C6_20220518_T1_15cm",21.68,1806.66666666667,"average value of multiple aliquots",NA,NA,"replicates greater than 25% different","NA",NA,NA,20220512,"20220518",NA,1559,NA,20
"COMPASS","TEMPEST","FW","C6","15cm","DOC","TMP_FW_C6_20220518_T2_15cm",21.68,1806.66666666667,"average value of multiple aliquots",NA,NA,"replicates greater than 25% different","NA",NA,NA,20220512,"20220518",NA,1559,NA,20
"COMPASS","TEMPEST","FW","D5","15cm","DOC","TMP_FW_D5_20220518_T1_15cm",NA,NA,"replicates greater than 25% different",NA,NA,"replicates greater than 25% different","NA",NA,NA,20220512,"20220518",NA,1559,NA,20
"COMPASS","TEMPEST","FW","D5","15cm","DOC","TMP_FW_D5_20220518_T2_15cm",NA,NA,"replicates greater than 25% different",NA,NA,"replicates greater than 25% different","NA",NA,NA,20220512,"20220518",NA,1559,NA,20
"COMPASS","TEMPEST","FW","E3","15cm","DOC","TMP_FW_E3_20220520_T1_15cm",13.84,1153.33333333333,NA,0.6,42.8571428571429,NA,"NA",NA,NA,20220518,"20220520",NA,1559,NA,17
"COMPASS","TEMPEST","FW","F4","15cm","DOC","TMP_FW_F4_20220518_T1_15cm",NA,NA,"replicates greater than 25% different",NA,NA,"replicates greater than 25% different","NA",NA,NA,20220512,"20220518",NA,1559,NA,20
"COMPASS","TEMPEST","FW","F4","15cm","DOC","TMP_FW_F4_20220518_T2_15cm",NA,NA,"replicates greater than 25% different",NA,NA,"replicates greater than 25% different","NA",NA,NA,20220512,"20220518",NA,1559,NA,20
"COMPASS","TEMPEST","FW","H3","15cm","DOC","TMP_FW_H3_20220518_T1_15cm",NA,NA,"replicates greater than 25% different",NA,NA,"replicates greater than 25% different","NA",NA,NA,20220512,"20220518",NA,1559,NA,20
"COMPASS","TEMPEST","FW","H3","15cm","DOC","TMP_FW_H3_20220518_T2_15cm",NA,NA,"replicates greater than 25% different",NA,NA,"replicates greater than 25% different","NA",NA,NA,20220512,"20220518",NA,1559,NA,20
"COMPASS","TEMPEST","FW","H6","15cm","DOC","TMP_FW_H6_20220520_T1_15cm",9.03,752.5,NA,0.45,32.1428571428571,NA,"NA",NA,NA,20220518,"20220520",NA,1559,NA,15
"COMPASS","TEMPEST","ESTUARY","Source",NA,"DOC","TMP_ESTUARY_SOURCE_20220622_T0",27.27,2272.5,NA,0.88,62.8571428571429,NA,"NA",NA,NA,NA,"20220622",NA,1100,NA,NA
"COMPASS","TEMPEST","ESTUARY","Source",NA,"DOC","TMP_ESTUARY_SOURCE_20220622_T1",5.23,435.833333333333,NA,0.43,30.7142857142857,NA,"NA",NA,NA,NA,"20220622",NA,1500,NA,NA
"COMPASS","TEMPEST","FW","Source",NA,"DOC","TMP_FW_SOURCE_20220622_T0",0.83,69.1666666666667,NA,0.09,6.42857142857143,"blank is ≥ 25% of sample value","NA",NA,NA,NA,"20220622",NA,654,"EDT",NA
"COMPASS","TEMPEST","FW","Source",NA,"DOC","TMP_FW_SOURCE_20220622_T1",9.12,760,NA,0.15,10.7142857142857,"blank is ≥ 25% of sample value","NA",NA,NA,NA,"20220622",NA,800,"EDT",NA
"COMPASS","TEMPEST","FW","Source",NA,"DOC","TMP_FW_SOURCE_20220622_T2",1.96,163.333333333333,"blank is ≥ 25% of sample value",0.25,17.8571428571429,"blank is ≥ 25% of sample value","NA",NA,NA,NA,"20220622",NA,930,"EDT",NA
"COMPASS","TEMPEST","FW","Source",NA,"DOC","TMP_FW_SOURCE_20220622_T3",8.73,727.5,NA,0.12,8.57142857142857,"blank is ≥ 25% of sample value","NA",NA,NA,NA,"20220622",NA,1000,"EDT",NA
"COMPASS","TEMPEST","FW","Source",NA,"DOC","TMP_FW_SOURCE_20220622_T4",NA,NA,"replicates greater than 25% different",NA,NA,"replicates greater than 25% different","NA",NA,NA,NA,"20220622",NA,1100,"EDT",NA
"COMPASS","TEMPEST","FW","Source",NA,"DOC","TMP_FW_SOURCE_20220622_T5",0.75,62.5,NA,0.07,5,"blank is ≥ 25% of sample value","NA",NA,NA,NA,"20220622",NA,1200,"EDT",NA
"COMPASS","TEMPEST","FW","Source",NA,"DOC","TMP_FW_SOURCE_20220622_T7",0.59,49.1666666666667,"blank is ≥ 25% of sample value",0.06,4.28571428571429,"blank is ≥ 25% of sample value","NA",NA,NA,NA,"20220622",NA,1448,"EDT",NA
"COMPASS","TEMPEST","SW","Source",NA,"DOC","TMP_SW_SOURCE_20220622_T0",20.35,1695.83333333333,NA,0.5,35.7142857142857,NA,"NA",NA,NA,NA,"20220622",NA,645,"EDT",NA
"COMPASS","TEMPEST","SW","Source",NA,"DOC","TMP_SW_SOURCE_20220622_T1",20.05,1670.83333333333,NA,0.38,27.1428571428571,NA,"NA",NA,NA,NA,"20220622",NA,800,"EDT",NA
"COMPASS","TEMPEST","SW","Source",NA,"DOC","TMP_SW_SOURCE_20220622_T2",20.55,1712.5,NA,0.4,28.5714285714286,NA,"NA",NA,NA,NA,"20220622",NA,930,"EDT",NA
"COMPASS","TEMPEST","SW","Source",NA,"DOC","TMP_SW_SOURCE_20220622_T3",5.6,466.666666666667,NA,0.44,31.4285714285714,"blank is ≥ 25% of sample value","NA",NA,NA,NA,"20220622",NA,1000,"EDT",NA
"COMPASS","TEMPEST","SW","Source",NA,"DOC","TMP_SW_SOURCE_20220622_T4",5.13,427.5,NA,0.34,24.2857142857143,NA,"NA",NA,NA,NA,"20220622",NA,1100,"EDT",NA
"COMPASS","TEMPEST","SW","Source",NA,"DOC","TMP_SW_SOURCE_20220622_T5",5.615,467.916666666667,"average value of multiple aliquots",0.405,28.9285714285714,"average value of multiple aliquots","NA",NA,NA,NA,"20220622",NA,1200,"EDT",NA
"COMPASS","TEMPEST","SW","Source",NA,"DOC","TMP_SW_SOURCE_20220622_T7",4.765,397.083333333333,"average value of multiple aliquots",0.375,26.7857142857143,"average value of multiple aliquots","NA",NA,NA,NA,"20220622",NA,1409,"EDT",NA
"COMPASS","TEMPEST","FW","I5","15cm","DOC","TMP_FW_I5_20220613_15cm",12.73,1060.83333333333,NA,0.78,55.7142857142857,NA,"NA",NA,NA,NA,"20220613",NA,1559,NA,15
"COMPASS","TEMPEST","SW","E3","15cm","DOC","TMP_SW_E3_20220613_15cm",9.96,830,NA,1,71.4285714285714,NA,"NA",NA,NA,NA,"20220613",NA,1559,NA,15
"COMPASS","TEMPEST","FW","F4","15cm","DOC","TMP_FW_F4_20220613_15cm",10.91,909.166666666667,NA,0.05,3.57142857142857,"blank is ≥ 25% of sample value","NA",NA,NA,NA,"20220613",NA,1559,NA,15
"COMPASS","TEMPEST","C","B4","15cm","DOC","TMP_C_B4_20220613_15cm",10.19,849.166666666667,NA,0.53,37.8571428571429,NA,"NA",NA,NA,NA,"20220613",NA,1559,NA,15
"COMPASS","TEMPEST","SW","I5","15cm","DOC","TMP_SW_I5_20220613_15cm",14.77,1230.83333333333,NA,1.28,91.4285714285714,NA,"NA",NA,NA,NA,"20220613",NA,1559,NA,15
"COMPASS","TEMPEST","SW","B4","15cm","DOC","TMP_SW_B4_20220613_15cm",20.02,1668.33333333333,NA,0.6,42.8571428571429,NA,"NA",NA,NA,NA,"20220613",NA,1559,NA,15
"COMPASS","TEMPEST","C","C6","15cm","DOC","TMP_C_C6_20220613_15cm",8.83,735.833333333333,NA,0.44,31.4285714285714,NA,"NA",NA,NA,NA,"20220613",NA,1559,NA,15
"COMPASS","TEMPEST","SW","C3","15cm","DOC","TMP_SW_C3_20220613_15cm",23.65,1970.83333333333,NA,0.99,70.7142857142857,NA,"NA",NA,NA,NA,"20220613",NA,1559,NA,15
"COMPASS","TEMPEST","FW","C3","15cm","DOC","TMP_FW_C3_20220613_15cm",10.55,879.166666666667,NA,0.52,37.1428571428572,NA,"NA",NA,NA,NA,"20220613",NA,1559,NA,15
"COMPASS","TEMPEST","C","I5","15cm","DOC","TMP_C_I5_20220613_15cm",19.15,1595.83333333333,NA,0.84,60,NA,"NA",NA,NA,NA,"20220613",NA,1559,NA,15
"COMPASS","TEMPEST","SW","D5","15cm","DOC","TMP_SW_D5_20220613_15cm",11.32,943.333333333333,NA,0.58,41.4285714285714,NA,"NA",NA,NA,NA,"20220613",NA,1559,NA,15
"COMPASS","TEMPEST","FW","H6","15cm","DOC","TMP_FW_H6_20220613_15cm",13.55,1129.16666666667,NA,0.66,47.1428571428571,NA,"NA",NA,NA,NA,"20220613",NA,1559,NA,15
"COMPASS","TEMPEST","FW","D5","15cm","DOC","TMP_FW_D5_20220613_15cm",9.54,795,NA,0.4,28.5714285714286,NA,"NA",NA,NA,NA,"20220613",NA,1559,NA,15
"COMPASS","TEMPEST","FW","C6","15cm","DOC","TMP_FW_C6_20220615_15cm",8.43,702.5,NA,0.4,28.5714285714286,NA,"NA",NA,NA,NA,"20220615",NA,1559,NA,15
"COMPASS","TEMPEST","C","E3","15cm","DOC","TMP_C_E3_20220615_15cm",10.3,858.333333333333,NA,0.45,32.1428571428571,NA,"NA",NA,NA,NA,"20220615",NA,1559,NA,15
"COMPASS","TEMPEST","SW","H3","15cm","DOC","TMP_SW_H3_20220615_15cm",20.06,1671.66666666667,NA,0.06,4.28571428571429,"blank is ≥ 25% of sample value","NA",NA,NA,NA,"20220615",NA,1559,NA,NA
"COMPASS","TEMPEST","C","H6","15cm","DOC","TMP_C_H6_20220615_15cm",17.41,1450.83333333333,NA,0.66,47.1428571428571,NA,"NA",NA,NA,NA,"20220615",NA,1559,NA,15
"COMPASS","TEMPEST","C","F6","15cm","DOC","TMP_C_F6_20220615_15cm",13.77,1147.5,NA,0.57,40.7142857142857,NA,"NA",NA,NA,NA,"20220615",NA,1559,NA,NA
"COMPASS","TEMPEST","FW","H3","15cm","DOC","TMP_FW_H3_20220615_15cm",5.06,421.666666666667,NA,0.28,20,"blank is ≥ 25% of sample value","NA",NA,NA,NA,"20220615",NA,1559,NA,7
"COMPASS","TEMPEST","C","H3","15cm","DOC","TMP_C_H3_20220615_15cm",21.45,1787.5,NA,0.59,42.1428571428571,NA,"NA",NA,NA,NA,"20220615",NA,1559,NA,15
"COMPASS","TEMPEST","SW","C6","15cm","DOC","TMP_SW_C6_20220615_15cm",21.12,1760,NA,0.97,69.2857142857143,NA,"NA",NA,NA,NA,"20220615",NA,1559,NA,8.5
"COMPASS","TEMPEST","SW","F6","15cm","DOC","TMP_SW_F6_20220615_15cm",13.87,1155.83333333333,NA,0.88,62.8571428571429,NA,"NA",NA,NA,NA,"20220615",NA,1559,NA,15
"COMPASS","TEMPEST","C","C6","15cm","DOC","TMP_C_C6_20220718_15cm",12.69,1057.5,NA,1.44,102.857142857143,NA,"NA",NA,NA,20220714,"20220718","1207",1700,"EDT",10
"COMPASS","TEMPEST","C","H3","15cm","DOC","TMP_C_H3_20220718_15cm",20.08,1673.33333333333,NA,0.51,36.4285714285714,NA,"NA",NA,NA,20220714,"20220718","1207",1700,"EDT",10
"COMPASS","TEMPEST","C","B4","15cm","DOC","TMP_C_B4_20220718_15cm",7.55,629.166666666667,NA,0.23,16.4285714285714,NA,"NA",NA,NA,20220714,"20220718","1207",1700,"EDT",10
"COMPASS","TEMPEST","C","I5","15cm","DOC","TMP_C_I5_20220718_15cm",18.21,1517.5,NA,0.74,52.8571428571429,NA,"NA",NA,NA,20220714,"20220718","1207",1559,"EDT",10
"COMPASS","TEMPEST","FW","C6","15cm","DOC","TMP_FW_C6_20220718_15cm",7.21,600.833333333333,NA,0.23,16.4285714285714,NA,"NA",NA,NA,20220714,"20220718","1030",1515,"EDT",10
"COMPASS","TEMPEST","FW","H6","15cm","DOC","TMP_FW_H6_20220718_15cm",11.01,917.5,NA,0.46,32.8571428571429,NA,"NA",NA,NA,20220714,"20220718","1030",1515,"EDT",10
"COMPASS","TEMPEST","FW","B4","15cm","DOC","TMP_FW_B4_20220721_15cm",11.88,990,NA,1.07,76.4285714285714,NA,"NA",NA,NA,20220718,"20220721","1230",1559,"EDT",10
"COMPASS","TEMPEST","FW","D5","15cm","DOC","TMP_FW_D5_20220718_15cm",12.17,1014.16666666667,NA,1.27,90.7142857142857,NA,"NA",NA,NA,20220714,"20220718","1030",1515,"EDT",10
"COMPASS","TEMPEST","FW","E3","15cm","DOC","TMP_FW_E3_20220718_15cm",9.61,800.833333333333,NA,0.79,56.4285714285714,NA,"NA",NA,NA,20220714,"20220718","1030",1515,"EDT",8
"COMPASS","TEMPEST","FW","I5","15cm","DOC","TMP_FW_I5_20220718_15cm",14.7,1225,NA,0.57,40.7142857142857,NA,"NA",NA,NA,20220714,"20220718","1030",1515,"EDT",10
"COMPASS","TEMPEST","SW","C3","15cm","DOC","TMP_SW_C3_20220718_15cm",9.15,762.5,NA,0.47,33.5714285714286,NA,"NA",NA,NA,20220714,"20220718","1120",1605,"EDT",10
"COMPASS","TEMPEST","SW","C6","15cm","DOC","TMP_SW_C6_20220718_15cm",19.29,1607.5,NA,5.07,362.142857142857,"value above cal curve","NA",NA,NA,20220714,"20220718","1120",1605,"EDT",10
"COMPASS","TEMPEST","SW","F4","15cm","DOC","TMP_SW_F4_20220718_15cm",7.66,638.333333333333,NA,0.62,44.2857142857143,NA,"NA",NA,NA,20220714,"20220718","1120",1605,"EDT",9
"COMPASS","TEMPEST","SW","B4","15cm","DOC","TMP_SW_B4_20220718_15cm",21.99,1832.5,NA,0.7,50,NA,"NA",NA,NA,20220714,"20220718","1120",1605,"EDT",10
"COMPASS","TEMPEST","SW","D5","15cm","DOC","TMP_SW_D5_20220718_15cm",6.11,509.166666666667,NA,0.44,31.4285714285714,NA,"NA",NA,NA,20220714,"20220718","1120",1605,"EDT",10
"COMPASS","TEMPEST","SW","F6","15cm","DOC","TMP_SW_F6_20220718_15cm",4.94,411.666666666667,NA,0.41,29.2857142857143,NA,"NA",NA,NA,20220714,"20220718","1120",1605,"EDT",10
"COMPASS","TEMPEST","SW","I5","15cm","DOC","TMP_SW_I5_20220718_15cm",15.02,1251.66666666667,NA,1.07,76.4285714285714,NA,"NA",NA,NA,20220714,"20220718","1120",1605,"EDT",10
"COMPASS","TEMPEST","C","H6","15cm","DOC","TMP_C_H6_20220721_15cm",16.28,1356.66666666667,NA,1.15,82.1428571428571,NA,"NA",NA,NA,20220718,"20220721","1130",1600,"EDT",10
"COMPASS","TEMPEST","C","D5","15cm","DOC","TMP_C_D5_20220721_15cm",8.83,735.833333333333,NA,0.46,32.8571428571429,NA,"NA",NA,NA,20220718,"20220721","1130",1600,"EDT",9.5
"COMPASS","TEMPEST","C","F6","15cm","DOC","TMP_C_F6_20220721_15cm",16.45,1370.83333333333,NA,0.81,57.8571428571429,NA,"NA",NA,NA,20220718,"20220721","1130",1600,"EDT",10
"COMPASS","TEMPEST","SW","H3","15cm","DOC","TMP_SW_H3_20220721_15cm",86.27,7189.16666666667,NA,2.94,210,NA,"NA",NA,NA,20220718,"20220721","1205",1559,"EDT",10
"COMPASS","TEMPEST","C","H3","15cm","DOC","TMP_C_H3_20220808_15cm",20.09,1674.16666666667,NA,0.61,43.5714285714286,NA,"NA",NA,NA,20220805,"20220808","1400",1900,"EDT",10
"COMPASS","TEMPEST","C","H6","15cm","DOC","TMP_C_H6_20220808_15cm",15.89,1324.16666666667,NA,0.58,41.4285714285714,NA,"NA",NA,NA,20220805,"20220808","1400",1900,"EDT",10
"COMPASS","TEMPEST","C","B4","15cm","DOC","TMP_C_B4_20220808_15cm",10.61,884.166666666667,NA,0.45,32.1428571428571,NA,"NA",NA,NA,20220805,"20220808","1400",1900,"EDT",10
"COMPASS","TEMPEST","C","D5","15cm","DOC","TMP_C_D5_20220808_15cm",11.37,947.5,NA,0.41,29.2857142857143,NA,"NA",NA,NA,20220805,"20220808","1400",1900,"EDT",10
"COMPASS","TEMPEST","C","E3","15cm","DOC","TMP_C_E3_20220808_15cm",12.71,1059.16666666667,NA,0.93,66.4285714285714,NA,"NA",NA,NA,20220805,"20220808","1400",1900,"EDT",10
"COMPASS","TEMPEST","C","F6","15cm","DOC","TMP_C_F6_20220808_15cm",15.7,1308.33333333333,NA,0.5,35.7142857142857,NA,"NA",NA,NA,20220805,"20220808","1400",1900,"EDT",10
"COMPASS","TEMPEST","C","I5","15cm","DOC","TMP_C_I5_20220808_15cm",23.39,1949.16666666667,NA,0.71,50.7142857142857,NA,"NA",NA,NA,20220805,"20220808","1400",1900,"EDT",10
"COMPASS","TEMPEST","C","C3","15cm","DOC","TMP_C_C3_20220808_15cm",16.66,1388.33333333333,NA,0.49,35,NA,"NA",NA,NA,20220805,"20220808","1400",1900,"EDT",10
"COMPASS","TEMPEST","C","C6","15cm","DOC","TMP_C_C6_20220808_15cm",13.45,1120.83333333333,NA,1.73,123.571428571429,NA,"NA",NA,NA,20220805,"20220808","1400",1900,"EDT",10
"COMPASS","TEMPEST","C","F4","15cm","DOC","TMP_C_F4_20220808_15cm",14.43,1202.5,NA,0.59,42.1428571428571,NA,"NA",NA,NA,20220805,"20220808","1400",1900,"EDT",10
"COMPASS","TEMPEST","FW","C3","15cm","DOC","TMP_FW_C3_20220808_15cm",14.84,1236.66666666667,NA,0.53,37.8571428571429,NA,"NA",NA,NA,20220805,"20220808","1145",1650,"EDT",10
"COMPASS","TEMPEST","FW","C6","15cm","DOC","TMP_FW_C6_20220808_15cm",9.31,775.833333333333,NA,0.41,29.2857142857143,NA,"NA",NA,NA,20220805,"20220808","1145",1650,"EDT",10
"COMPASS","TEMPEST","FW","F4","15cm","DOC","TMP_FW_F4_20220808_15cm",14.67,1222.5,NA,0.73,52.1428571428571,NA,"NA",NA,NA,20220805,"20220808","1145",1650,"EDT",10
"COMPASS","TEMPEST","FW","H3","15cm","DOC","TMP_FW_H3_20220808_15cm",11.59,965.833333333333,NA,0.46,32.8571428571429,NA,"NA",NA,NA,20220805,"20220808","1145",1650,"EDT",10
"COMPASS","TEMPEST","FW","H6","15cm","DOC","TMP_FW_H6_20220808_15cm",14.9,1241.66666666667,NA,1.9,135.714285714286,NA,"NA",NA,NA,20220805,"20220808","1145",1650,"EDT",10
"COMPASS","TEMPEST","FW","B4","15cm","DOC","TMP_FW_B4_20220808_15cm",12.08,1006.66666666667,NA,0.49,35,NA,"NA",NA,NA,20220805,"20220808","1145",1650,"EDT",10
"COMPASS","TEMPEST","FW","D5","15cm","DOC","TMP_FW_D5_20220808_15cm",18.81,1567.5,NA,0.75,53.5714285714286,NA,"NA",NA,NA,20220805,"20220808","1145",1650,"EDT",10
"COMPASS","TEMPEST","FW","E3","15cm","DOC","TMP_FW_E3_20220808_15cm",10.3,858.333333333333,NA,0.54,38.5714285714286,NA,"NA",NA,NA,20220805,"20220808","1145",1650,"EDT",8
"COMPASS","TEMPEST","FW","I5","15cm","DOC","TMP_FW_I5_20220808_15cm",16.38,1365,NA,0.6,42.8571428571429,NA,"NA",NA,NA,20220805,"20220808","1145",1650,"EDT",10
"COMPASS","TEMPEST","SW","F4","15cm","DOC","TMP_SW_F4_20220808_15cm",33.7,2808.33333333333,NA,1.19,85,NA,"NA",NA,"light yellow",20220805,"20220808","1255",1756,"EDT",10
"COMPASS","TEMPEST","SW","H6","15cm","DOC","TMP_SW_H6_20220808_15cm",38.01,3167.5,NA,1.29,92.1428571428572,NA,"NA",NA,"Dark yellow",20220805,"20220808","1255",1756,"EDT",10
"COMPASS","TEMPEST","SW","B4","15cm","DOC","TMP_SW_B4_20220808_15cm",84.9,7075,NA,1.95,139.285714285714,NA,"NA",NA,"Dark yellow",20220805,"20220808","1255",1756,"EDT",10
"COMPASS","TEMPEST","SW","D5","15cm","DOC","TMP_SW_D5_20220808_15cm",24.83,2069.16666666667,NA,1.11,79.2857142857143,NA,"NA",NA,"light yellow",20220805,"20220808","1255",1756,"EDT",10
"COMPASS","TEMPEST","SW","F6","15cm","DOC","TMP_SW_F6_20220808_15cm",12.87,1072.5,NA,0.66,47.1428571428571,NA,"NA",NA,NA,20220805,"20220808","1255",1756,"EDT",10
"COMPASS","TEMPEST","SW","I5","15cm","DOC","TMP_SW_I5_20220808_15cm",20.27,1689.16666666667,NA,0.82,58.5714285714286,NA,"NA",NA,NA,20220805,"20220808","1255",1756,"EDT",10
"COMPASS","TEMPEST","SW","C3","15cm","DOC","TMP_SW_C3_20220808_15cm",16.19,1349.16666666667,NA,0.6,42.8571428571429,NA,"NA",NA,NA,20220805,"20220808","1255",1756,"EDT",10
"COMPASS","TEMPEST","SW","E3","15cm","DOC","TMP_SW_E3_20220808_15cm",18.85,1570.83333333333,NA,0.73,52.1428571428571,NA,"NA",NA,NA,20220805,"20220808","1255",1559,"EDT",10
"COMPASS","TEMPEST","SW","H3","15cm","DOC","TMP_SW_H3_20220811_15cm",83.08,6923.33333333333,"average value of multiple aliquots",2.97,212.142857142857,"average value of multiple aliquots","NA",NA,"Dark yellow",20220808,"20220811",NA,1559,"EDT",10
"COMPASS","TEMPEST","C","H6","15cm","DOC","TMP_C_H6_20220912_15cm",25,2083.33333333333,NA,0.84,60,NA,"NA",NA,NA,20220909,"20220912","1000",1435,"EDT",10
"COMPASS","TEMPEST","C","C6","15cm","DOC","TMP_C_C6_20220912_15cm",17.31,1442.5,NA,0.59,42.1428571428571,NA,"NA",NA,NA,20220909,"20220912","1000",1435,"EDT",10
"COMPASS","TEMPEST","C","E3","15cm","DOC","TMP_C_E3_20220912_15cm",11.21,934.166666666667,NA,0.52,37.1428571428572,NA,"NA",NA,NA,20220909,"20220912","1000",1435,"EDT",10
"COMPASS","TEMPEST","FW","H6","15cm","DOC","TMP_FW_H6_20220912_15cm",20.45,1704.16666666667,NA,0.79,56.4285714285714,NA,"NA",NA,NA,20220909,"20220912","1125",1607,"EDT",10
"COMPASS","TEMPEST","FW","I5","15cm","DOC","TMP_FW_I5_20220912_15cm",23.83,1985.83333333333,NA,1.16,82.8571428571429,NA,"NA",NA,NA,20220909,"20220912","1125",1607,"EDT",9
"COMPASS","TEMPEST","SW","B4","15cm","DOC","TMP_SW_B4_20220912_15cm",75.62,6301.66666666667,NA,1.8,128.571428571429,NA,"NA",NA,NA,20220909,"20220912","1040",1520,"EDT",10
"COMPASS","TEMPEST","SW","F6","15cm","DOC","TMP_SW_F6_20220912_15cm",13.25,1104.16666666667,NA,0.61,43.5714285714286,NA,"NA",NA,NA,20220909,"20220912","1040",1520,"EDT",9
"COMPASS","TEMPEST","C","D5","15cm","DOC","TMP_C_D5_20220915_15cm",11.13,927.5,NA,0.6,42.8571428571429,NA,"NA",NA,NA,20220912,"20220915","1028",1500,"EDT",10
"COMPASS","TEMPEST","C","H3","15cm","DOC","TMP_C_H3_20220915_15cm",23.46,1955,NA,3.27,233.571428571429,"value above cal curve","NA",NA,NA,20220912,"20220915","1028",1500,"EDT",10
"COMPASS","TEMPEST","C","I5","15cm","DOC","TMP_C_I5_20220915_15cm",15.9,1325,NA,0.49,35,NA,"NA",NA,NA,20220912,"20220915","1028",1500,"EDT",10
"COMPASS","TEMPEST","FW","I5","15cm","DOC","TMP_FW_I5_20220915_15cm",22.43,1869.16666666667,NA,0.8,57.1428571428571,NA,"NA",NA,NA,20220912,"20220915","1200",1648,"EDT",10
"COMPASS","TEMPEST","FW","E3","15cm","DOC","TMP_FW_E3_20220915_15cm",8.16,680,NA,0.4,28.5714285714286,NA,"NA",NA,NA,20220912,"20220915","1200",1648,"EDT",8
"COMPASS","TEMPEST","FW","C3","15cm","DOC","TMP_FW_C3_20220915_15cm",21.35,1779.16666666667,NA,0.72,51.4285714285714,NA,"NA",NA,NA,20220912,"20220915","1200",1648,"EDT",10
"COMPASS","TEMPEST","FW","C6","15cm","DOC","TMP_FW_C6_20220915_15cm",8.6,716.666666666667,NA,0.37,26.4285714285714,NA,"NA",NA,NA,20220912,"20220915","1200",1648,"EDT",10
"COMPASS","TEMPEST","FW","F6","15cm","DOC","TMP_FW_F6_20220915_15cm",16.19,1349.16666666667,NA,0.76,54.2857142857143,NA,"NA",NA,NA,20220912,"20220915","1200",1648,"EDT",10
"COMPASS","TEMPEST","FW","B4","15cm","DOC","TMP_FW_B4_20220915_15cm",16.62,1385,NA,2.87,205,NA,"NA",NA,NA,20220912,"20220915","1200",1648,"EDT",10
"COMPASS","TEMPEST","FW","F4","15cm","DOC","TMP_FW_F4_20220912_15cm",13.3,1108.33333333333,NA,0.75,53.5714285714286,NA,"NA",NA,NA,20220909,"20220912","1125",1559,"EDT",9
"COMPASS","TEMPEST","FW","D5","15cm","DOC","TMP_FW_D5_20220915_15cm",17.36,1446.66666666667,NA,0.57,40.7142857142857,NA,"NA",NA,NA,20220912,"20220915","1200",1648,"EDT",10
"COMPASS","TEMPEST","SW","H3","15cm","DOC","TMP_SW_H3_20220915_15cm",86.81,7234.16666666667,NA,2.78,198.571428571429,NA,"NA",NA,"Dark yellow in color",20220912,"20220915","1112",1558,"EDT",10
"COMPASS","TEMPEST","SW","C3","15cm","DOC","TMP_SW_C3_20220915_15cm",21.94,1828.33333333333,NA,3.06,218.571428571429,"value above cal curve","NA",NA,NA,20220912,"20220915","1112",1558,"EDT",10
"COMPASS","TEMPEST","SW","C6","15cm","DOC","TMP_SW_C6_20220915_15cm",54.58,4548.33333333333,NA,1.84,131.428571428571,NA,"NA",NA,NA,20220912,"20220915","1112",1558,"EDT",10
"COMPASS","TEMPEST","SW","E3","15cm","DOC","TMP_SW_E3_20220915_15cm",26.22,2185,NA,0.97,69.2857142857143,NA,"NA",NA,"Very light yellow in color",20220912,"20220915","1112",1558,"EDT",10
"COMPASS","TEMPEST","SW","H6","15cm","DOC","TMP_SW_H6_20220915_15cm",45.66,3805,NA,1.45,103.571428571429,NA,"NA",NA,"light yellow in color",20220912,"20220915","1112",1558,"EDT",10
"COMPASS","TEMPEST","C","H3","15cm","DOC","TMP_C_H3_20221019_15cm",19.4,1616.66666666667,NA,0.59,42.1428571428571,NA,"NA",NA,NA,20221017,"20221019","1625",2057,"EDT",10
"COMPASS","TEMPEST","C","H6","15cm","DOC","TMP_C_H6_20221019_15cm",15.72,1310,NA,0.5,35.7142857142857,NA,"NA",NA,NA,20221017,"20221019","1625",2057,"EDT",10
"COMPASS","TEMPEST","C","D5","15cm","DOC","TMP_C_D5_20221019_15cm",6.9,575,NA,0.24,17.1428571428571,NA,"NA",NA,NA,20221017,"20221019","1625",2057,"EDT",10
"COMPASS","TEMPEST","C","E3","15cm","DOC","TMP_C_E3_20221019_15cm",10.2,850,NA,0.31,22.1428571428571,NA,"NA",NA,NA,20221017,"20221019","1625",2057,"EDT",10
"COMPASS","TEMPEST","C","F6","15cm","DOC","TMP_C_F6_20221019_15cm",12.13,1010.83333333333,NA,0.38,27.1428571428571,NA,"NA",NA,NA,20221017,"20221019","1625",2057,"EDT",9
"COMPASS","TEMPEST","C","I5","15cm","DOC","TMP_C_I5_20221019_15cm",14.79,1232.5,NA,0.39,27.8571428571429,NA,"NA",NA,NA,20221017,"20221019","1625",2057,"EDT",10
"COMPASS","TEMPEST","C","C6","15cm","DOC","TMP_C_C6_20221024_15cm",11.49,957.5,NA,0.38,27.1428571428571,NA,"NA",NA,NA,20221021,"20221024","1035",1559,"EDT",1.5
"COMPASS","TEMPEST","FW","C3","15cm","DOC","TMP_FW_C3_20221019_15cm",12.5,1041.66666666667,NA,0.38,27.1428571428571,NA,"NA",NA,NA,20221017,"20221019","1500",1939,"EDT",10
"COMPASS","TEMPEST","FW","C6","15cm","DOC","TMP_FW_C6_20221019_15cm",11.44,953.333333333333,NA,0.32,22.8571428571429,NA,"NA",NA,NA,20221017,"20221019","1500",1939,"EDT",10
"COMPASS","TEMPEST","FW","H3","15cm","DOC","TMP_FW_H3_20221019_15cm",11.76,980,NA,0.5,35.7142857142857,NA,"NA",NA,NA,20221017,"20221019","1500",1939,"EDT",10
"COMPASS","TEMPEST","FW","H6","15cm","DOC","TMP_FW_H6_20221019_15cm",15.04,1253.33333333333,NA,0.56,40,NA,"NA",NA,NA,20221017,"20221019","1500",1939,"EDT",10
"COMPASS","TEMPEST","FW","B4","15cm","DOC","TMP_FW_B4_20221019_15cm",13.23,1102.5,NA,0.38,27.1428571428571,NA,"NA",NA,NA,20221017,"20221019","1500",1939,"EDT",10
"COMPASS","TEMPEST","FW","D5","15cm","DOC","TMP_FW_D5_20221019_15cm",15.08,1256.66666666667,NA,0.48,34.2857142857143,NA,"NA",NA,NA,20221017,"20221019","1500",1939,"EDT",10
"COMPASS","TEMPEST","FW","E3","15cm","DOC","TMP_FW_E3_20221019_15cm",10.08,840,NA,0.35,25,NA,"NA",NA,NA,20221017,"20221019","1500",1939,"EDT",8
"COMPASS","TEMPEST","FW","I5","15cm","DOC","TMP_FW_I5_20221019_15cm",21.68,1806.66666666667,NA,0.86,61.4285714285714,NA,"NA",NA,NA,20221017,"20221019","1500",1939,"EDT",10
"COMPASS","TEMPEST","SW","C3","15cm","DOC","TMP_SW_C3_20221019_15cm",14.76,1230,NA,0.51,36.4285714285714,NA,"NA",NA,NA,20221017,"20221019","1540",2020,"EDT",10
"COMPASS","TEMPEST","SW","C6","15cm","DOC","TMP_SW_C6_20221019_15cm",45.83,3819.16666666667,NA,2,142.857142857143,NA,"NA",NA,"Light yellow",20221017,"20221019","1540",2020,"EDT",10
"COMPASS","TEMPEST","SW","H3","15cm","DOC","TMP_SW_H3_20221019_15cm",109.2,9100,NA,4.39,313.571428571429,"value above cal curve","NA",NA,"yellow",20221017,"20221019","1540",2020,"EDT",10
"COMPASS","TEMPEST","SW","H6","15cm","DOC","TMP_SW_H6_20221019_15cm",27.6,2300,NA,0.89,63.5714285714286,NA,"NA",NA,NA,20221017,"20221019","1540",2020,"EDT",10
"COMPASS","TEMPEST","SW","B4","15cm","DOC","TMP_SW_B4_20221019_15cm",52.57,4380.83333333333,NA,1.33,95,NA,"NA",NA,"yellow",20221017,"20221019","1540",2020,"EDT",10
"COMPASS","TEMPEST","SW","D5","15cm","DOC","TMP_SW_D5_20221019_15cm",37.03,3085.83333333333,NA,1.04,74.2857142857143,NA,"NA",NA,"Light yellow",20221017,"20221019","1540",2020,"EDT",10
"COMPASS","TEMPEST","SW","F6","15cm","DOC","TMP_SW_F6_20221019_15cm",44.55,3712.5,NA,1.46,104.285714285714,NA,"NA",NA,"Light yellow",20221017,"20221019","1540",2020,"EDT",10
"COMPASS","TEMPEST","FW","C3","15cm","DOC","TMP_FW_C3_20221128_15cm",15.94,1328.33333333333,NA,0.52,37.1428571428572,NA,"NA",NA,NA,20221125,"20221128","1414",2028,"EST",15
"COMPASS","TEMPEST","FW","D5","15cm","DOC","TMP_FW_D5_20221128_15cm",15.13,1260.83333333333,NA,0.43,30.7142857142857,NA,"NA",NA,NA,20221125,"20221128","1414",2028,"EST",15
"COMPASS","TEMPEST","FW","H3","15cm","DOC","TMP_FW_H3_20221128_15cm",9.01,750.833333333333,NA,0.34,24.2857142857143,NA,"NA",NA,NA,20221125,"20221128","1414",2028,"EST",13.5
"COMPASS","TEMPEST","FW","I5","15cm","DOC","TMP_FW_I5_20221128_15cm",15.15,1262.5,NA,0.58,41.4285714285714,NA,"NA",NA,NA,20221125,"20221128","1414",2028,"EST",15
"COMPASS","TEMPEST","FW","E3","15cm","DOC","TMP_FW_E3_20221128_15cm",10.03,835.833333333333,NA,0.48,34.2857142857143,NA,"NA",NA,NA,20221125,"20221128","1414",2028,"EST",14.5
"COMPASS","TEMPEST","FW","B4","15cm","DOC","TMP_FW_B4_20221128_15cm",12.31,1025.83333333333,NA,0.6,42.8571428571429,NA,"NA",NA,NA,20221125,"20221128","1414",2028,"EST",14
"COMPASS","TEMPEST","FW","H6","15cm","DOC","TMP_FW_H6_20221128_15cm",16.53,1377.5,NA,0.62,44.2857142857143,NA,"NA",NA,NA,20221125,"20221128","1414",2028,"EST",15
"COMPASS","TEMPEST","C","E3","15cm","DOC","TMP_C_E3_20221128_15cm",8.79,732.5,NA,0.32,22.8571428571429,NA,"NA",NA,NA,20221125,"20221128","1023",1742,"EST",15
"COMPASS","TEMPEST","C","H6","15cm","DOC","TMP_C_H6_20221128_15cm",15.01,1250.83333333333,NA,0.46,32.8571428571429,NA,"NA",NA,NA,20221125,"20221128","1023",1742,"EST",15
"COMPASS","TEMPEST","C","I5","15cm","DOC","TMP_C_I5_20221128_15cm",15.72,1310,NA,0.47,33.5714285714286,NA,"NA",NA,NA,20221125,"20221128","1023",1742,"EST",14
"COMPASS","TEMPEST","C","B4","15cm","DOC","TMP_C_B4_20221128_15cm",7.48,623.333333333333,NA,0.24,17.1428571428571,"blank is ≥ 25% of sample value","NA",NA,NA,20221125,"20221128","1023",1742,"EST",15
"COMPASS","TEMPEST","C","F6","15cm","DOC","TMP_C_F6_20221128_15cm",14.55,1212.5,NA,0.42,30,NA,"NA",NA,NA,20221125,"20221128","1023",1742,"EST",13
"COMPASS","TEMPEST","C","C6","15cm","DOC","TMP_C_C6_20221128_15cm",8.28,690,NA,0.28,20,NA,"NA",NA,NA,20221125,"20221128","1023",1742,"EST",15
"COMPASS","TEMPEST","C","D5","15cm","DOC","TMP_C_D5_20221128_15cm",7.13,594.166666666667,NA,0.32,22.8571428571429,NA,"NA",NA,NA,20221125,"20221128","1023",1742,"EST",15
"COMPASS","TEMPEST","C","H3","15cm","DOC","TMP_C_H3_20221128_15cm",19.2,1600,NA,0.81,57.8571428571429,NA,"NA",NA,NA,20221125,"20221128","1023",1742,"EST",13
"COMPASS","TEMPEST","SW","B4","15cm","DOC","TMP_SW_B4_20221128_15cm",65.26,5438.33333333333,NA,1.49,106.428571428571,NA,"NA",NA,NA,20221125,"20221128","1245",1902,"EST",15
"COMPASS","TEMPEST","SW","H6","15cm","DOC","TMP_SW_H6_20221128_15cm",28.31,2359.16666666667,NA,0.91,65,NA,"NA",NA,NA,20221125,"20221128","1245",1902,"EST",13
"COMPASS","TEMPEST","SW","C3","15cm","DOC","TMP_SW_C3_20221128_15cm",23.28,1940,NA,0.94,67.1428571428571,NA,"NA",NA,NA,20221125,"20221128","1245",1902,"EST",15
"COMPASS","TEMPEST","SW","D5","15cm","DOC","TMP_SW_D5_20221128_15cm",43.48,3623.33333333333,NA,1.24,88.5714285714286,NA,"NA",NA,NA,20221125,"20221128","1245",1902,"EST",15
"COMPASS","TEMPEST","SW","H3","15cm","DOC","TMP_SW_H3_20221128_15cm",35.85,2987.5,NA,1.08,77.1428571428571,NA,"NA",NA,NA,20221125,"20221128","1245",1902,"EST",13.5
"COMPASS","TEMPEST","SW","F6","15cm","DOC","TMP_SW_F6_20221128_15cm",42.99,3582.5,NA,1.39,99.2857142857143,NA,"NA",NA,NA,20221125,"20221128","1245",1902,"EST",15
"COMPASS","TEMPEST","FW","C6","15cm","DOC","TMP_FW_C6_20221201_15cm",9.79,815.833333333333,NA,0.81,57.8571428571429,NA,"NA",NA,NA,20221128,"20221201","1420",1949,"EST",15
"COMPASS","TEMPEST","C","C3","15cm","DOC","TMP_C_C3_20221201_15cm",16.1,1341.66666666667,NA,0.46,32.8571428571429,NA,"NA",NA,NA,20221128,"20221201","1120",1706,"EST",11
"COMPASS","TEMPEST","SW","C6","15cm","DOC","TMP_SW_C6_20221201_15cm",44.24,3686.66666666667,NA,3.32,237.142857142857,NA,"NA",NA,NA,20221128,"20221201","1210",1746,"EST",15
"COMPASS","TEMPEST","SW","E3","15cm","DOC","TMP_SW_E3_20221201_15cm",37.11,3092.5,NA,1.15,82.1428571428571,NA,"NA",NA,NA,20221128,"20221201","1210",1746,"EST",15
