"","QAQC_flag","FE_2_Conc_Final","FE_3_Conc_Final","FE_tot_Conc_Final","ID_full"
"1","FE_2_low Std curve r2 low; FE_2_diff Std curve r2 low; Reduction Efficiency out of range; Fe2 Chk Std 0.6 out of range; Fe3 Chk Std 60 out of range",20.4942068965517,0,20.4942068965517,"Plate1_1_C_H3_20250131"
"2","FE_2_low Std curve r2 low; FE_2_diff Std curve r2 low; Reduction Efficiency out of range; Fe2 Chk Std 0.6 out of range; Fe3 Chk Std 60 out of range",22.5768275862069,0,22.5768275862069,"Plate1_1_C_H3_20250131"
"3","FE_2_low Std curve r2 low; FE_2_diff Std curve r2 low; Reduction Efficiency out of range; Fe2 Chk Std 0.6 out of range; Fe3 Chk Std 60 out of range",24.3123448275862,0,24.3123448275862,"Plate1_1_C_H3_20250131"
"4","FE_2_low Std curve r2 low; FE_2_diff Std curve r2 low; Reduction Efficiency out of range; Fe2 Chk Std 0.6 out of range; Fe3 Chk Std 60 out of range",5.2216551724138,0.310826198897567,5.53248137131136,"Plate1_1_FW_E3_20250131"
"5","FE_2_low Std curve r2 low; FE_2_diff Std curve r2 low; Reduction Efficiency out of range; Fe2 Chk Std 0.6 out of range; Fe3 Chk Std 60 out of range",7.99848275862069,0,7.99848275862069,"Plate1_1_FW_E3_20250131"
"6","FE_2_low Std curve r2 low; FE_2_diff Std curve r2 low; Reduction Efficiency out of range; Fe2 Chk Std 0.6 out of range; Fe3 Chk Std 60 out of range",7.30427586206897,0,7.30427586206897,"Plate1_1_FW_E3_20250131"
"7","FE_2_low Std curve r2 low; FE_2_diff Std curve r2 low; Reduction Efficiency out of range; Fe2 Chk Std 0.6 out of range; Fe3 Chk Std 60 out of range",48.2624827586207,0,48.2624827586207,"Plate1_1_SW_C6_20250204"
"8","FE_2_low Std curve r2 low; FE_2_diff Std curve r2 low; Reduction Efficiency out of range; Fe2 Chk Std 0.6 out of range; Fe3 Chk Std 60 out of range",42.7088275862069,0,42.7088275862069,"Plate1_1_SW_C6_20250204"
"9","FE_2_low Std curve r2 low; FE_2_diff Std curve r2 low; Reduction Efficiency out of range; Fe2 Chk Std 0.6 out of range; Fe3 Chk Std 60 out of range",43.4030344827586,0,43.4030344827586,"Plate1_1_SW_C6_20250204"
"10","FE_2_low Std curve r2 low; FE_2_diff Std curve r2 low; Reduction Efficiency out of range; Fe2 Chk Std 0.6 out of range; Fe3 Chk Std 60 out of range",17.0231724137931,0,17.0231724137931,"Plate1_1_C_H6_20250131"
"11","FE_2_low Std curve r2 low; FE_2_diff Std curve r2 low; Reduction Efficiency out of range; Fe2 Chk Std 0.6 out of range; Fe3 Chk Std 60 out of range",17.0231724137931,0,17.0231724137931,"Plate1_1_C_H6_20250131"
"12","FE_2_low Std curve r2 low; FE_2_diff Std curve r2 low; Reduction Efficiency out of range; Fe2 Chk Std 0.6 out of range; Fe3 Chk Std 60 out of range",17.370275862069,0,17.370275862069,"Plate1_1_C_H6_20250131"
"13","FE_2_low Std curve r2 low; FE_2_diff Std curve r2 low; Reduction Efficiency out of range; Fe2 Chk Std 0.6 out of range; Fe3 Chk Std 60 out of range",17.0231724137931,0,17.0231724137931,"Plate1_1_FW_H3_20250131"
"14","FE_2_low Std curve r2 low; FE_2_diff Std curve r2 low; Reduction Efficiency out of range; Fe2 Chk Std 0.6 out of range; Fe3 Chk Std 60 out of range",15.2876551724138,0,15.2876551724138,"Plate1_1_FW_H3_20250131"
"15","FE_2_low Std curve r2 low; FE_2_diff Std curve r2 low; Reduction Efficiency out of range; Fe2 Chk Std 0.6 out of range; Fe3 Chk Std 60 out of range",17.7173793103448,0,17.7173793103448,"Plate1_1_FW_H3_20250131"
"16","FE_2_low Std curve r2 low; FE_2_diff Std curve r2 low; Reduction Efficiency out of range; Fe2 Chk Std 0.6 out of range; Fe3 Chk Std 60 out of range",39.2377931034483,0,39.2377931034483,"Plate1_1_SW_H6_20250204"
"17","FE_2_low Std curve r2 low; FE_2_diff Std curve r2 low; Reduction Efficiency out of range; Fe2 Chk Std 0.6 out of range; Fe3 Chk Std 60 out of range",35.0725517241379,0,35.0725517241379,"Plate1_1_SW_H6_20250204"
"18","FE_2_low Std curve r2 low; FE_2_diff Std curve r2 low; Reduction Efficiency out of range; Fe2 Chk Std 0.6 out of range; Fe3 Chk Std 60 out of range",34.3783448275862,0,34.3783448275862,"Plate1_1_SW_H6_20250204"
"19","FE_2_low Std curve r2 low; FE_2_diff Std curve r2 low; Reduction Efficiency out of range; Fe2 Chk Std 0.6 out of range; Fe3 Chk Std 60 out of range",22.5768275862069,0,22.5768275862069,"Plate1_1_C_B4_20250131"
"20","FE_2_low Std curve r2 low; FE_2_diff Std curve r2 low; Reduction Efficiency out of range; Fe2 Chk Std 0.6 out of range; Fe3 Chk Std 60 out of range",12.5108275862069,9.53796733759009,22.048794923797,"Plate1_1_C_B4_20250131"
"21","FE_2_low Std curve r2 low; FE_2_diff Std curve r2 low; Reduction Efficiency out of range; Fe2 Chk Std 0.6 out of range; Fe3 Chk Std 60 out of range",24.6594482758621,0,24.6594482758621,"Plate1_1_C_B4_20250131"
"22","FE_2_low Std curve r2 low; FE_2_diff Std curve r2 low; Reduction Efficiency out of range; Fe2 Chk Std 0.6 out of range; Fe3 Chk Std 60 out of range",5.56875862068966,3.54724841650519,9.11600703719484,"Plate1_1_FW_I5_20250131"
"23","FE_2_low Std curve r2 low; FE_2_diff Std curve r2 low; Reduction Efficiency out of range; Fe2 Chk Std 0.6 out of range; Fe3 Chk Std 60 out of range",8.34558620689656,0,8.34558620689656,"Plate1_1_FW_I5_20250131"
"24","FE_2_low Std curve r2 low; FE_2_diff Std curve r2 low; Reduction Efficiency out of range; Fe2 Chk Std 0.6 out of range; Fe3 Chk Std 60 out of range",9.73400000000001,0,9.73400000000001,"Plate1_1_FW_I5_20250131"
"25","FE_2_low Std curve r2 low; FE_2_diff Std curve r2 low; Reduction Efficiency out of range; Fe2 Chk Std 0.6 out of range; Fe3 Chk Std 60 out of range",12.8579310344828,0,12.8579310344828,"Plate1_1_FW_E3_20250204"
"26","FE_2_low Std curve r2 low; FE_2_diff Std curve r2 low; Reduction Efficiency out of range; Fe2 Chk Std 0.6 out of range; Fe3 Chk Std 60 out of range",12.8579310344828,0,12.8579310344828,"Plate1_1_FW_E3_20250204"
"27","FE_2_low Std curve r2 low; FE_2_diff Std curve r2 low; Reduction Efficiency out of range; Fe2 Chk Std 0.6 out of range; Fe3 Chk Std 60 out of range",12.8579310344828,0,12.8579310344828,"Plate1_1_FW_E3_20250204"
"28","FE_2_low Std curve r2 low; FE_2_diff Std curve r2 low; Reduction Efficiency out of range; Fe2 Chk Std 0.6 out of range; Fe3 Chk Std 60 out of range",43.7501379310345,0,43.7501379310345,"Plate1_1_SW_C6_20250131"
"29","FE_2_low Std curve r2 low; FE_2_diff Std curve r2 low; Reduction Efficiency out of range; Fe2 Chk Std 0.6 out of range; Fe3 Chk Std 60 out of range",31.2544137931035,2.29793151802215,33.5523453111256,"Plate1_1_SW_C6_20250131"
"30","FE_2_low Std curve r2 low; FE_2_diff Std curve r2 low; Reduction Efficiency out of range; Fe2 Chk Std 0.6 out of range; Fe3 Chk Std 60 out of range",29.1717931034483,5.30455439687899,34.4763475003273,"Plate1_1_SW_C6_20250131"
"31","FE_2_low Std curve r2 low; FE_2_diff Std curve r2 low; Reduction Efficiency out of range; Fe2 Chk Std 0.6 out of range; Fe3 Chk Std 60 out of range",10.4282068965517,0,10.4282068965517,"Plate1_1_FW_I5_20250131 dup"
"32","FE_2_low Std curve r2 low; FE_2_diff Std curve r2 low; Reduction Efficiency out of range; Fe2 Chk Std 0.6 out of range; Fe3 Chk Std 60 out of range",7.99848275862069,0,7.99848275862069,"Plate1_1_FW_I5_20250131 dup"
"33","FE_2_low Std curve r2 low; FE_2_diff Std curve r2 low; Reduction Efficiency out of range; Fe2 Chk Std 0.6 out of range; Fe3 Chk Std 60 out of range",8.69268965517242,0,8.69268965517242,"Plate1_1_FW_I5_20250131 dup"
"34","FE_2_low Std curve r2 low; FE_2_diff Std curve r2 low; Reduction Efficiency out of range; Fe2 Chk Std 0.6 out of range; Fe3 Chk Std 60 out of range",14.2463448275862,0,14.2463448275862,"Plate1_1_FW_H3_20250204"
"35","FE_2_low Std curve r2 low; FE_2_diff Std curve r2 low; Reduction Efficiency out of range; Fe2 Chk Std 0.6 out of range; Fe3 Chk Std 60 out of range",11.8166206896552,0,11.8166206896552,"Plate1_1_FW_H3_20250204"
"36","FE_2_low Std curve r2 low; FE_2_diff Std curve r2 low; Reduction Efficiency out of range; Fe2 Chk Std 0.6 out of range; Fe3 Chk Std 60 out of range",10.7753103448276,0,10.7753103448276,"Plate1_1_FW_H3_20250204"
"37","FE_2_low Std curve r2 low; FE_2_diff Std curve r2 low; Reduction Efficiency out of range; Fe2 Chk Std 0.6 out of range; Fe3 Chk Std 60 out of range",40.9733103448276,0,40.9733103448276,"Plate1_1_SW_C3_20250131"
"38","FE_2_low Std curve r2 low; FE_2_diff Std curve r2 low; Reduction Efficiency out of range; Fe2 Chk Std 0.6 out of range; Fe3 Chk Std 60 out of range",44.7914482758621,0,44.7914482758621,"Plate1_1_SW_C3_20250131"
"39","FE_2_low Std curve r2 low; FE_2_diff Std curve r2 low; Reduction Efficiency out of range; Fe2 Chk Std 0.6 out of range; Fe3 Chk Std 60 out of range",40.9733103448276,0,40.9733103448276,"Plate1_1_SW_C3_20250131"
"40","FE_2_low Std curve r2 low; FE_2_diff Std curve r2 low; Reduction Efficiency out of range; Fe2 Chk Std 0.6 out of range; Fe3 Chk Std 60 out of range",8.69268965517242,0,8.69268965517242,"Plate1_1_FW_F6_20250131"
"41","FE_2_low Std curve r2 low; FE_2_diff Std curve r2 low; Reduction Efficiency out of range; Fe2 Chk Std 0.6 out of range; Fe3 Chk Std 60 out of range",9.38689655172414,0,9.38689655172414,"Plate1_1_FW_F6_20250131"
"42","FE_2_low Std curve r2 low; FE_2_diff Std curve r2 low; Reduction Efficiency out of range; Fe2 Chk Std 0.6 out of range; Fe3 Chk Std 60 out of range",7.99848275862069,0,7.99848275862069,"Plate1_1_FW_F6_20250131"
"43","FE_2_low Std curve r2 low; FE_2_diff Std curve r2 low; Reduction Efficiency out of range; Fe2 Chk Std 0.6 out of range; Fe3 Chk Std 60 out of range",86.3053225361327,0,86.3053225361327,"Plate1_1_SW_F6_20250403"
"44","FE_2_low Std curve r2 low; FE_2_diff Std curve r2 low; Reduction Efficiency out of range; Fe2 Chk Std 0.6 out of range; Fe3 Chk Std 60 out of range",76.0777443578713,0,76.0777443578713,"Plate1_1_SW_F6_20250403"
"45","FE_2_low Std curve r2 low; FE_2_diff Std curve r2 low; Reduction Efficiency out of range; Fe2 Chk Std 0.6 out of range; Fe3 Chk Std 60 out of range",82.1213132813894,0,82.1213132813894,"Plate1_1_SW_F6_20250403"
"46","FE_2_low Std curve r2 low; FE_2_diff Std curve r2 low; Reduction Efficiency out of range; Fe2 Chk Std 0.6 out of range; Fe3 Chk Std 60 out of range",8.34558620689656,0,8.34558620689656,"Plate1_1_SW_E3_20250131"
"47","FE_2_low Std curve r2 low; FE_2_diff Std curve r2 low; Reduction Efficiency out of range; Fe2 Chk Std 0.6 out of range; Fe3 Chk Std 60 out of range",5.2216551724138,0,5.2216551724138,"Plate1_1_SW_E3_20250131"
"48","FE_2_low Std curve r2 low; FE_2_diff Std curve r2 low; Reduction Efficiency out of range; Fe2 Chk Std 0.6 out of range; Fe3 Chk Std 60 out of range",4.52744827586207,0,4.52744827586207,"Plate1_1_SW_E3_20250131"
"49","FE_2_low Std curve r2 low; FE_2_diff Std curve r2 low; Reduction Efficiency out of range; Fe2 Chk Std 0.6 out of range; Fe3 Chk Std 60 out of range",33.6841379310345,12.3821558636734,46.0662937947079,"Plate1_1_FW_F6_20250131 spk "
"50","FE_2_low Std curve r2 low; FE_2_diff Std curve r2 low; Reduction Efficiency out of range; Fe2 Chk Std 0.6 out of range; Fe3 Chk Std 60 out of range",15.9818620689655,33.6782865758868,49.6601486448523,"Plate1_1_FW_F6_20250131 spk "
"51","FE_2_low Std curve r2 low; FE_2_diff Std curve r2 low; Reduction Efficiency out of range; Fe2 Chk Std 0.6 out of range; Fe3 Chk Std 60 out of range",15.9818620689655,83.5830620275601,99.5649240965256,"Plate1_1_FW_F6_20250131 spk "
"52","FE_2_low Std curve r2 low; FE_2_diff Std curve r2 low; Reduction Efficiency out of range; Fe2 Chk Std 0.6 out of range; Fe3 Chk Std 60 out of range",29.5188965517242,0,29.5188965517242,"Plate1_1_SW_H6_20250403"
"53","FE_2_low Std curve r2 low; FE_2_diff Std curve r2 low; Reduction Efficiency out of range; Fe2 Chk Std 0.6 out of range; Fe3 Chk Std 60 out of range",27.436275862069,0,27.436275862069,"Plate1_1_SW_H6_20250403"
"54","FE_2_low Std curve r2 low; FE_2_diff Std curve r2 low; Reduction Efficiency out of range; Fe2 Chk Std 0.6 out of range; Fe3 Chk Std 60 out of range",27.0891724137931,0,27.0891724137931,"Plate1_1_SW_H6_20250403"
"55","FE_2_low Std curve r2 low; FE_2_diff Std curve r2 low; Reduction Efficiency out of range; Fe2 Chk Std 0.6 out of range; Fe3 Chk Std 60 out of range",4.87455172413793,0,4.87455172413793,"Plate1_1_FW_D5_20250131"
"56","FE_2_low Std curve r2 low; FE_2_diff Std curve r2 low; Reduction Efficiency out of range; Fe2 Chk Std 0.6 out of range; Fe3 Chk Std 60 out of range",4.52744827586207,0,4.52744827586207,"Plate1_1_FW_D5_20250131"
"57","FE_2_low Std curve r2 low; FE_2_diff Std curve r2 low; Reduction Efficiency out of range; Fe2 Chk Std 0.6 out of range; Fe3 Chk Std 60 out of range",4.87455172413793,0,4.87455172413793,"Plate1_1_FW_D5_20250131"
"58","FE_2_low Std curve r2 low; FE_2_diff Std curve r2 low; Reduction Efficiency out of range; Fe2 Chk Std 0.6 out of range; Fe3 Chk Std 60 out of range",49.998,0,49.998,"Plate1_1_C_H3_20250204"
"59","FE_2_low Std curve r2 low; FE_2_diff Std curve r2 low; Reduction Efficiency out of range; Fe2 Chk Std 0.6 out of range; Fe3 Chk Std 60 out of range",23.6181379310345,0,23.6181379310345,"Plate1_1_C_H3_20250204"
"60","FE_2_low Std curve r2 low; FE_2_diff Std curve r2 low; Reduction Efficiency out of range; Fe2 Chk Std 0.6 out of range; Fe3 Chk Std 60 out of range",23.2710344827586,0,23.2710344827586,"Plate1_1_C_H3_20250204"
"61","FE_2_low Std curve r2 low; FE_2_diff Std curve r2 low; Reduction Efficiency out of range; Fe2 Chk Std 0.6 out of range; Fe3 Chk Std 60 out of range",59.3697931034483,20.1336256212676,79.5034187247159,"Plate1_1_SW_C3_20250403"
"62","FE_2_low Std curve r2 low; FE_2_diff Std curve r2 low; Reduction Efficiency out of range; Fe2 Chk Std 0.6 out of range; Fe3 Chk Std 60 out of range",109.084928478624,0,109.084928478624,"Plate1_1_SW_C3_20250403"
"63","FE_2_low Std curve r2 low; FE_2_diff Std curve r2 low; Reduction Efficiency out of range; Fe2 Chk Std 0.6 out of range; Fe3 Chk Std 60 out of range",130.004974752341,0,130.004974752341,"Plate1_1_SW_C3_20250403"
"64","FE_2_low Std curve r2 low; FE_2_diff Std curve r2 low; Reduction Efficiency out of range; Fe2 Chk Std 0.6 out of range; Fe3 Chk Std 60 out of range",6.26296551724138,0,6.26296551724138,"Plate1_1_FW_C3_20250131"
"65","FE_2_low Std curve r2 low; FE_2_diff Std curve r2 low; Reduction Efficiency out of range; Fe2 Chk Std 0.6 out of range; Fe3 Chk Std 60 out of range",7.65137931034483,0,7.65137931034483,"Plate1_1_FW_C3_20250131"
"66","FE_2_low Std curve r2 low; FE_2_diff Std curve r2 low; Reduction Efficiency out of range; Fe2 Chk Std 0.6 out of range; Fe3 Chk Std 60 out of range",8.69268965517242,0,8.69268965517242,"Plate1_1_FW_C3_20250131"
"67","FE_2_low Std curve r2 low; FE_2_diff Std curve r2 low; Reduction Efficiency out of range; Fe2 Chk Std 0.6 out of range; Fe3 Chk Std 60 out of range",15.2876551724138,0,15.2876551724138,"Plate1_1_C_I5_20250204"
"68","FE_2_low Std curve r2 low; FE_2_diff Std curve r2 low; Reduction Efficiency out of range; Fe2 Chk Std 0.6 out of range; Fe3 Chk Std 60 out of range",20.1471034482759,0,20.1471034482759,"Plate1_1_C_I5_20250204"
"69","FE_2_low Std curve r2 low; FE_2_diff Std curve r2 low; Reduction Efficiency out of range; Fe2 Chk Std 0.6 out of range; Fe3 Chk Std 60 out of range",19.8,0,19.8,"Plate1_1_C_I5_20250204"
"70","FE_2_low Std curve r2 low; FE_2_diff Std curve r2 low; Reduction Efficiency out of range; Fe2 Chk Std 0.6 out of range; Fe3 Chk Std 60 out of range",18.4115862068966,0,18.4115862068966,"Plate1_1_C_F4_20250403"
"71","FE_2_low Std curve r2 low; FE_2_diff Std curve r2 low; Reduction Efficiency out of range; Fe2 Chk Std 0.6 out of range; Fe3 Chk Std 60 out of range",17.0231724137931,0,17.0231724137931,"Plate1_1_C_F4_20250403"
"72","FE_2_low Std curve r2 low; FE_2_diff Std curve r2 low; Reduction Efficiency out of range; Fe2 Chk Std 0.6 out of range; Fe3 Chk Std 60 out of range",17.0231724137931,0,17.0231724137931,"Plate1_1_C_F4_20250403"
"73","FE_2_low Std curve r2 low; FE_2_diff Std curve r2 low; Reduction Efficiency out of range; Fe2 Chk Std 0.6 out of range; Fe3 Chk Std 60 out of range; Spk recovery out of range",11.1224137931035,0,11.1224137931035,"Plate2_1_FW_I5_20250406"
"74","FE_2_low Std curve r2 low; FE_2_diff Std curve r2 low; Reduction Efficiency out of range; Fe2 Chk Std 0.6 out of range; Fe3 Chk Std 60 out of range; Spk recovery out of range",10.4282068965517,0,10.4282068965517,"Plate2_1_FW_I5_20250406"
"75","FE_2_low Std curve r2 low; FE_2_diff Std curve r2 low; Reduction Efficiency out of range; Fe2 Chk Std 0.6 out of range; Fe3 Chk Std 60 out of range; Spk recovery out of range",10.4282068965517,0,10.4282068965517,"Plate2_1_FW_I5_20250406"
"76","FE_2_low Std curve r2 low; FE_2_diff Std curve r2 low; Reduction Efficiency out of range; Fe2 Chk Std 0.6 out of range; Fe3 Chk Std 60 out of range; Spk recovery out of range",21.8826206896552,7.30740695673856,29.1900276463937,"Plate2_1_SW_E3_20250602"
"77","FE_2_low Std curve r2 low; FE_2_diff Std curve r2 low; Reduction Efficiency out of range; Fe2 Chk Std 0.6 out of range; Fe3 Chk Std 60 out of range; Spk recovery out of range",46.5269655172414,0,46.5269655172414,"Plate2_1_SW_E3_20250602"
"78","FE_2_low Std curve r2 low; FE_2_diff Std curve r2 low; Reduction Efficiency out of range; Fe2 Chk Std 0.6 out of range; Fe3 Chk Std 60 out of range; Spk recovery out of range",22.9239310344828,21.6275609044261,44.5514919389088,"Plate2_1_SW_E3_20250602"
"79","FE_2_low Std curve r2 low; FE_2_diff Std curve r2 low; Reduction Efficiency out of range; Fe2 Chk Std 0.6 out of range; Fe3 Chk Std 60 out of range; Spk recovery out of range",4.87455172413793,1.77342201577536,6.64797373991329,"Plate2_1_C_D5_20250602"
"80","FE_2_low Std curve r2 low; FE_2_diff Std curve r2 low; Reduction Efficiency out of range; Fe2 Chk Std 0.6 out of range; Fe3 Chk Std 60 out of range; Spk recovery out of range",6.61006896551724,0,6.61006896551724,"Plate2_1_C_D5_20250602"
"81","FE_2_low Std curve r2 low; FE_2_diff Std curve r2 low; Reduction Efficiency out of range; Fe2 Chk Std 0.6 out of range; Fe3 Chk Std 60 out of range; Spk recovery out of range",3.13903448275862,6.14951482861089,9.28854931136952,"Plate2_1_C_D5_20250602"
"82","FE_2_low Std curve r2 low; FE_2_diff Std curve r2 low; Reduction Efficiency out of range; Fe2 Chk Std 0.6 out of range; Fe3 Chk Std 60 out of range; Spk recovery out of range",7.99848275862069,0,7.99848275862069,"Plate2_1_FW_B4_20250509"
"83","FE_2_low Std curve r2 low; FE_2_diff Std curve r2 low; Reduction Efficiency out of range; Fe2 Chk Std 0.6 out of range; Fe3 Chk Std 60 out of range; Spk recovery out of range",7.99848275862069,156.779391751425,164.777874510045,"Plate2_1_FW_B4_20250509"
"84","FE_2_low Std curve r2 low; FE_2_diff Std curve r2 low; Reduction Efficiency out of range; Fe2 Chk Std 0.6 out of range; Fe3 Chk Std 60 out of range; Spk recovery out of range",6.95717241379311,0,6.95717241379311,"Plate2_1_FW_B4_20250509"
"85","FE_2_low Std curve r2 low; FE_2_diff Std curve r2 low; Reduction Efficiency out of range; Fe2 Chk Std 0.6 out of range; Fe3 Chk Std 60 out of range; Spk recovery out of range",77.9373040266461,0,77.9373040266461,"Plate2_1_SW_C3_20250602"
"86","FE_2_low Std curve r2 low; FE_2_diff Std curve r2 low; Reduction Efficiency out of range; Fe2 Chk Std 0.6 out of range; Fe3 Chk Std 60 out of range; Spk recovery out of range",49.998,18.4485580115888,68.4465580115888,"Plate2_1_SW_C3_20250602"
"87","FE_2_low Std curve r2 low; FE_2_diff Std curve r2 low; Reduction Efficiency out of range; Fe2 Chk Std 0.6 out of range; Fe3 Chk Std 60 out of range; Spk recovery out of range",151.854800860445,0,151.854800860445,"Plate2_1_SW_C3_20250602"
"88","FE_2_low Std curve r2 low; FE_2_diff Std curve r2 low; Reduction Efficiency out of range; Fe2 Chk Std 0.6 out of range; Fe3 Chk Std 60 out of range; Spk recovery out of range",13.8992413793104,0,13.8992413793104,"Plate2_1_C_F6_20250602"
"89","FE_2_low Std curve r2 low; FE_2_diff Std curve r2 low; Reduction Efficiency out of range; Fe2 Chk Std 0.6 out of range; Fe3 Chk Std 60 out of range; Spk recovery out of range",12.5108275862069,0,12.5108275862069,"Plate2_1_C_F6_20250602"
"90","FE_2_low Std curve r2 low; FE_2_diff Std curve r2 low; Reduction Efficiency out of range; Fe2 Chk Std 0.6 out of range; Fe3 Chk Std 60 out of range; Spk recovery out of range",12.8579310344828,0,12.8579310344828,"Plate2_1_C_F6_20250602"
"91","FE_2_low Std curve r2 low; FE_2_diff Std curve r2 low; Reduction Efficiency out of range; Fe2 Chk Std 0.6 out of range; Fe3 Chk Std 60 out of range; Spk recovery out of range",8.69268965517242,0,8.69268965517242,"Plate2_1_FW_I5_2020509"
"92","FE_2_low Std curve r2 low; FE_2_diff Std curve r2 low; Reduction Efficiency out of range; Fe2 Chk Std 0.6 out of range; Fe3 Chk Std 60 out of range; Spk recovery out of range",7.99848275862069,0,7.99848275862069,"Plate2_1_FW_I5_2020509"
"93","FE_2_low Std curve r2 low; FE_2_diff Std curve r2 low; Reduction Efficiency out of range; Fe2 Chk Std 0.6 out of range; Fe3 Chk Std 60 out of range; Spk recovery out of range",7.99848275862069,0,7.99848275862069,"Plate2_1_FW_I5_2020509"
"94","FE_2_low Std curve r2 low; FE_2_diff Std curve r2 low; Reduction Efficiency out of range; Fe2 Chk Std 0.6 out of range; Fe3 Chk Std 60 out of range; Spk recovery out of range",38.1964827586207,11.5480246369098,49.7445073955305,"Plate2_1_SW_B4_20250602"
"95","FE_2_low Std curve r2 low; FE_2_diff Std curve r2 low; Reduction Efficiency out of range; Fe2 Chk Std 0.6 out of range; Fe3 Chk Std 60 out of range; Spk recovery out of range",32.9899310344828,11.1528491404939,44.1427801749767,"Plate2_1_SW_B4_20250602"
"96","FE_2_low Std curve r2 low; FE_2_diff Std curve r2 low; Reduction Efficiency out of range; Fe2 Chk Std 0.6 out of range; Fe3 Chk Std 60 out of range; Spk recovery out of range",25.0065517241379,12.5349897997554,37.5415415238934,"Plate2_1_SW_B4_20250602"
"97","FE_2_low Std curve r2 low; FE_2_diff Std curve r2 low; Reduction Efficiency out of range; Fe2 Chk Std 0.6 out of range; Fe3 Chk Std 60 out of range; Spk recovery out of range",11.4695172413793,0,11.4695172413793,"Plate2_1_C_F4_20250602"
"98","FE_2_low Std curve r2 low; FE_2_diff Std curve r2 low; Reduction Efficiency out of range; Fe2 Chk Std 0.6 out of range; Fe3 Chk Std 60 out of range; Spk recovery out of range",10.7753103448276,0,10.7753103448276,"Plate2_1_C_F4_20250602"
"99","FE_2_low Std curve r2 low; FE_2_diff Std curve r2 low; Reduction Efficiency out of range; Fe2 Chk Std 0.6 out of range; Fe3 Chk Std 60 out of range; Spk recovery out of range",11.1224137931035,0,11.1224137931035,"Plate2_1_C_F4_20250602"
"100","FE_2_low Std curve r2 low; FE_2_diff Std curve r2 low; Reduction Efficiency out of range; Fe2 Chk Std 0.6 out of range; Fe3 Chk Std 60 out of range; Spk recovery out of range",82.1213132813894,0,82.1213132813894,"Plate2_1_SW_B4_20250509"
"101","FE_2_low Std curve r2 low; FE_2_diff Std curve r2 low; Reduction Efficiency out of range; Fe2 Chk Std 0.6 out of range; Fe3 Chk Std 60 out of range; Spk recovery out of range",38.8906896551724,1.82262455362441,40.7133142087968,"Plate2_1_SW_B4_20250509"
"102","FE_2_low Std curve r2 low; FE_2_diff Std curve r2 low; Reduction Efficiency out of range; Fe2 Chk Std 0.6 out of range; Fe3 Chk Std 60 out of range; Spk recovery out of range",79.3319737782272,0,79.3319737782272,"Plate2_1_SW_B4_20250509"
"103","FE_2_low Std curve r2 low; FE_2_diff Std curve r2 low; Reduction Efficiency out of range; Fe2 Chk Std 0.6 out of range; Fe3 Chk Std 60 out of range; Spk recovery out of range",27.0891724137931,19.8744789047821,46.9636513185752,"Plate2_1_SW_B4_20250602 dup"
"104","FE_2_low Std curve r2 low; FE_2_diff Std curve r2 low; Reduction Efficiency out of range; Fe2 Chk Std 0.6 out of range; Fe3 Chk Std 60 out of range; Spk recovery out of range",59.7168965517242,0,59.7168965517242,"Plate2_1_SW_B4_20250602 dup"
"105","FE_2_low Std curve r2 low; FE_2_diff Std curve r2 low; Reduction Efficiency out of range; Fe2 Chk Std 0.6 out of range; Fe3 Chk Std 60 out of range; Spk recovery out of range",30.2131034482759,1.97545848970642,32.1885619379823,"Plate2_1_SW_B4_20250602 dup"
"106","FE_2_low Std curve r2 low; FE_2_diff Std curve r2 low; Reduction Efficiency out of range; Fe2 Chk Std 0.6 out of range; Fe3 Chk Std 60 out of range; Spk recovery out of range",21.5355172413793,0,21.5355172413793,"Plate2_1_C_H3_20250602"
"107","FE_2_low Std curve r2 low; FE_2_diff Std curve r2 low; Reduction Efficiency out of range; Fe2 Chk Std 0.6 out of range; Fe3 Chk Std 60 out of range; Spk recovery out of range",20.8413103448276,0,20.8413103448276,"Plate2_1_C_H3_20250602"
"108","FE_2_low Std curve r2 low; FE_2_diff Std curve r2 low; Reduction Efficiency out of range; Fe2 Chk Std 0.6 out of range; Fe3 Chk Std 60 out of range; Spk recovery out of range",20.8413103448276,0,20.8413103448276,"Plate2_1_C_H3_20250602"
"109","FE_2_low Std curve r2 low; FE_2_diff Std curve r2 low; Reduction Efficiency out of range; Fe2 Chk Std 0.6 out of range; Fe3 Chk Std 60 out of range; Spk recovery out of range",79.3319737782272,12.1106058449941,91.4425796232213,"Plate2_1_SW_C6_20250509"
"110","FE_2_low Std curve r2 low; FE_2_diff Std curve r2 low; Reduction Efficiency out of range; Fe2 Chk Std 0.6 out of range; Fe3 Chk Std 60 out of range; Spk recovery out of range",79.7968636954209,0,79.7968636954209,"Plate2_1_SW_C6_20250509"
"111","FE_2_low Std curve r2 low; FE_2_diff Std curve r2 low; Reduction Efficiency out of range; Fe2 Chk Std 0.6 out of range; Fe3 Chk Std 60 out of range; Spk recovery out of range",104.436029306687,0,104.436029306687,"Plate2_1_SW_C6_20250509"
"112","FE_2_low Std curve r2 low; FE_2_diff Std curve r2 low; Reduction Efficiency out of range; Fe2 Chk Std 0.6 out of range; Fe3 Chk Std 60 out of range; Spk recovery out of range",10.4282068965517,0,10.4282068965517,"Plate2_1_C_C6_20250602"
"113","FE_2_low Std curve r2 low; FE_2_diff Std curve r2 low; Reduction Efficiency out of range; Fe2 Chk Std 0.6 out of range; Fe3 Chk Std 60 out of range; Spk recovery out of range",8.69268965517242,0,8.69268965517242,"Plate2_1_C_C6_20250602"
"114","FE_2_low Std curve r2 low; FE_2_diff Std curve r2 low; Reduction Efficiency out of range; Fe2 Chk Std 0.6 out of range; Fe3 Chk Std 60 out of range; Spk recovery out of range",9.03979310344828,0,9.03979310344828,"Plate2_1_C_C6_20250602"
"115","FE_2_low Std curve r2 low; FE_2_diff Std curve r2 low; Reduction Efficiency out of range; Fe2 Chk Std 0.6 out of range; Fe3 Chk Std 60 out of range; Spk recovery out of range",22.9239310344828,0,22.9239310344828,"Plate2_1_C_I5_20250602"
"116","FE_2_low Std curve r2 low; FE_2_diff Std curve r2 low; Reduction Efficiency out of range; Fe2 Chk Std 0.6 out of range; Fe3 Chk Std 60 out of range; Spk recovery out of range",21.1884137931035,0,21.1884137931035,"Plate2_1_C_I5_20250602"
"117","FE_2_low Std curve r2 low; FE_2_diff Std curve r2 low; Reduction Efficiency out of range; Fe2 Chk Std 0.6 out of range; Fe3 Chk Std 60 out of range; Spk recovery out of range",20.8413103448276,0,20.8413103448276,"Plate2_1_C_I5_20250602"
"118","FE_2_low Std curve r2 low; FE_2_diff Std curve r2 low; Reduction Efficiency out of range; Fe2 Chk Std 0.6 out of range; Fe3 Chk Std 60 out of range; Spk recovery out of range",81.191533447002,0,81.191533447002,"Plate2_1_SW_D5_20250509"
"119","FE_2_low Std curve r2 low; FE_2_diff Std curve r2 low; Reduction Efficiency out of range; Fe2 Chk Std 0.6 out of range; Fe3 Chk Std 60 out of range; Spk recovery out of range",52.4277241379311,0,52.4277241379311,"Plate2_1_SW_D5_20250509"
"120","FE_2_low Std curve r2 low; FE_2_diff Std curve r2 low; Reduction Efficiency out of range; Fe2 Chk Std 0.6 out of range; Fe3 Chk Std 60 out of range; Spk recovery out of range",60.064,0,60.064,"Plate2_1_SW_D5_20250509"
"121","FE_2_low Std curve r2 low; FE_2_diff Std curve r2 low; Reduction Efficiency out of range; Fe2 Chk Std 0.6 out of range; Fe3 Chk Std 60 out of range; Spk recovery out of range",22.9239310344828,22.2361557270075,45.1600867614902,"Plate2_1_C_C6_20250602 spk"
"122","FE_2_low Std curve r2 low; FE_2_diff Std curve r2 low; Reduction Efficiency out of range; Fe2 Chk Std 0.6 out of range; Fe3 Chk Std 60 out of range; Spk recovery out of range",26.7420689655173,16.5211488415761,43.2632178070934,"Plate2_1_C_C6_20250602 spk"
"123","FE_2_low Std curve r2 low; FE_2_diff Std curve r2 low; Reduction Efficiency out of range; Fe2 Chk Std 0.6 out of range; Fe3 Chk Std 60 out of range; Spk recovery out of range",23.2710344827586,31.0668391934459,54.3378736762045,"Plate2_1_C_C6_20250602 spk"
"124","FE_2_low Std curve r2 low; FE_2_diff Std curve r2 low; Reduction Efficiency out of range; Fe2 Chk Std 0.6 out of range; Fe3 Chk Std 60 out of range; Spk recovery out of range",16.3289655172414,0,16.3289655172414,"Plate2_1_C_H6_20250602"
"125","FE_2_low Std curve r2 low; FE_2_diff Std curve r2 low; Reduction Efficiency out of range; Fe2 Chk Std 0.6 out of range; Fe3 Chk Std 60 out of range; Spk recovery out of range",17.0231724137931,0,17.0231724137931,"Plate2_1_C_H6_20250602"
"126","FE_2_low Std curve r2 low; FE_2_diff Std curve r2 low; Reduction Efficiency out of range; Fe2 Chk Std 0.6 out of range; Fe3 Chk Std 60 out of range; Spk recovery out of range",16.6760689655172,0,16.6760689655172,"Plate2_1_C_H6_20250602"
"127","FE_2_low Std curve r2 low; FE_2_diff Std curve r2 low; Reduction Efficiency out of range; Fe2 Chk Std 0.6 out of range; Fe3 Chk Std 60 out of range; Spk recovery out of range",1.40351724137931,4.65183509833968,6.05535233971899,"Plate2_1_FW_E3_20250602"
"128","FE_2_low Std curve r2 low; FE_2_diff Std curve r2 low; Reduction Efficiency out of range; Fe2 Chk Std 0.6 out of range; Fe3 Chk Std 60 out of range; Spk recovery out of range",4.18034482758621,0,4.18034482758621,"Plate2_1_FW_E3_20250602"
"129","FE_2_low Std curve r2 low; FE_2_diff Std curve r2 low; Reduction Efficiency out of range; Fe2 Chk Std 0.6 out of range; Fe3 Chk Std 60 out of range; Spk recovery out of range",4.87455172413793,0,4.87455172413793,"Plate2_1_FW_E3_20250602"
"130","FE_2_low Std curve r2 low; FE_2_diff Std curve r2 low; Reduction Efficiency out of range; Fe2 Chk Std 0.6 out of range; Fe3 Chk Std 60 out of range; Spk recovery out of range",11.8166206896552,1.30299113944281,13.119611829098,"Plate2_1_C_B4_20250602"
"131","FE_2_low Std curve r2 low; FE_2_diff Std curve r2 low; Reduction Efficiency out of range; Fe2 Chk Std 0.6 out of range; Fe3 Chk Std 60 out of range; Spk recovery out of range",18.0644827586207,0,18.0644827586207,"Plate2_1_C_B4_20250602"
"132","FE_2_low Std curve r2 low; FE_2_diff Std curve r2 low; Reduction Efficiency out of range; Fe2 Chk Std 0.6 out of range; Fe3 Chk Std 60 out of range; Spk recovery out of range",10.0811034482759,5.67908395227834,15.7601874005542,"Plate2_1_C_B4_20250602"
"133","FE_2_low Std curve r2 low; FE_2_diff Std curve r2 low; Reduction Efficiency out of range; Fe2 Chk Std 0.6 out of range; Fe3 Chk Std 60 out of range; Spk recovery out of range",92.8137813768445,0,92.8137813768445,"Plate2_1_SW_B4_20250711"
"134","FE_2_low Std curve r2 low; FE_2_diff Std curve r2 low; Reduction Efficiency out of range; Fe2 Chk Std 0.6 out of range; Fe3 Chk Std 60 out of range; Spk recovery out of range",122.566736077241,0,122.566736077241,"Plate2_1_SW_B4_20250711"
"135","FE_2_low Std curve r2 low; FE_2_diff Std curve r2 low; Reduction Efficiency out of range; Fe2 Chk Std 0.6 out of range; Fe3 Chk Std 60 out of range; Spk recovery out of range",124.89118566321,0,124.89118566321,"Plate2_1_SW_B4_20250711"
"136","FE_2_low Std curve r2 low; FE_2_diff Std curve r2 low; Reduction Efficiency out of range; Fe2 Chk Std 0.6 out of range; Fe3 Chk Std 60 out of range; Spk recovery out of range",40.6262068965517,0,40.6262068965517,"Plate2_1_SW_F4_20250602"
"137","FE_2_low Std curve r2 low; FE_2_diff Std curve r2 low; Reduction Efficiency out of range; Fe2 Chk Std 0.6 out of range; Fe3 Chk Std 60 out of range; Spk recovery out of range",37.1551724137931,0,37.1551724137931,"Plate2_1_SW_F4_20250602"
"138","FE_2_low Std curve r2 low; FE_2_diff Std curve r2 low; Reduction Efficiency out of range; Fe2 Chk Std 0.6 out of range; Fe3 Chk Std 60 out of range; Spk recovery out of range",36.4609655172414,0,36.4609655172414,"Plate2_1_SW_F4_20250602"
"139","FE_2_low Std curve r2 low; FE_2_diff Std curve r2 low; Reduction Efficiency out of range; Fe2 Chk Std 0.6 out of range; Fe3 Chk Std 60 out of range; Spk recovery out of range",21.8826206896552,0,21.8826206896552,"Plate2_1_C_C3_20250602"
"140","FE_2_low Std curve r2 low; FE_2_diff Std curve r2 low; Reduction Efficiency out of range; Fe2 Chk Std 0.6 out of range; Fe3 Chk Std 60 out of range; Spk recovery out of range",20.8413103448276,0,20.8413103448276,"Plate2_1_C_C3_20250602"
"141","FE_2_low Std curve r2 low; FE_2_diff Std curve r2 low; Reduction Efficiency out of range; Fe2 Chk Std 0.6 out of range; Fe3 Chk Std 60 out of range; Spk recovery out of range",20.8413103448276,0,20.8413103448276,"Plate2_1_C_C3_20250602"
"142","FE_2_low Std curve r2 low; FE_2_diff Std curve r2 low; Reduction Efficiency out of range; Fe2 Chk Std 0.6 out of range; Fe3 Chk Std 60 out of range; Spk recovery out of range",2.09772413793104,1.7266434645841,3.82436760251514,"Plate2_1_FW_C6_20250711"
"143","FE_2_low Std curve r2 low; FE_2_diff Std curve r2 low; Reduction Efficiency out of range; Fe2 Chk Std 0.6 out of range; Fe3 Chk Std 60 out of range; Spk recovery out of range",1.05641379310345,3.76492189797475,4.8213356910782,"Plate2_1_FW_C6_20250711"
"144","FE_2_low Std curve r2 low; FE_2_diff Std curve r2 low; Reduction Efficiency out of range; Fe2 Chk Std 0.6 out of range; Fe3 Chk Std 60 out of range; Spk recovery out of range",1.75062068965517,2.01448477284054,3.76510546249571,"Plate2_1_FW_C6_20250711"
"145","FE_2_low Std curve r2 low; FE_2_diff Std curve r2 low; Reduction Efficiency out of range; Fe2 Chk Std 0.6 out of range; Fe3 Chk Std 60 out of range",6.26296551724138,0,6.26296551724138,"Plate3_1_FW_I5_20250711"
"146","FE_2_low Std curve r2 low; FE_2_diff Std curve r2 low; Reduction Efficiency out of range; Fe2 Chk Std 0.6 out of range; Fe3 Chk Std 60 out of range",5.91586206896552,0,5.91586206896552,"Plate3_1_FW_I5_20250711"
"147","FE_2_low Std curve r2 low; FE_2_diff Std curve r2 low; Reduction Efficiency out of range; Fe2 Chk Std 0.6 out of range; Fe3 Chk Std 60 out of range",6.26296551724138,0,6.26296551724138,"Plate3_1_FW_I5_20250711"
"148","FE_2_low Std curve r2 low; FE_2_diff Std curve r2 low; Reduction Efficiency out of range; Fe2 Chk Std 0.6 out of range; Fe3 Chk Std 60 out of range",22.5768275862069,0,22.5768275862069,"Plate3_1_C_H6_20250711"
"149","FE_2_low Std curve r2 low; FE_2_diff Std curve r2 low; Reduction Efficiency out of range; Fe2 Chk Std 0.6 out of range; Fe3 Chk Std 60 out of range",20.8413103448276,0,20.8413103448276,"Plate3_1_C_H6_20250711"
"150","FE_2_low Std curve r2 low; FE_2_diff Std curve r2 low; Reduction Efficiency out of range; Fe2 Chk Std 0.6 out of range; Fe3 Chk Std 60 out of range",20.4942068965517,0,20.4942068965517,"Plate3_1_C_H6_20250711"
"151","FE_2_low Std curve r2 low; FE_2_diff Std curve r2 low; Reduction Efficiency out of range; Fe2 Chk Std 0.6 out of range; Fe3 Chk Std 60 out of range",24.3123448275862,0,24.3123448275862,"Plate3_1_SW_D5_20250926"
"152","FE_2_low Std curve r2 low; FE_2_diff Std curve r2 low; Reduction Efficiency out of range; Fe2 Chk Std 0.6 out of range; Fe3 Chk Std 60 out of range",22.229724137931,0,22.229724137931,"Plate3_1_SW_D5_20250926"
"153","FE_2_low Std curve r2 low; FE_2_diff Std curve r2 low; Reduction Efficiency out of range; Fe2 Chk Std 0.6 out of range; Fe3 Chk Std 60 out of range",22.5768275862069,0,22.5768275862069,"Plate3_1_SW_D5_20250926"
"154","FE_2_low Std curve r2 low; FE_2_diff Std curve r2 low; Reduction Efficiency out of range; Fe2 Chk Std 0.6 out of range; Fe3 Chk Std 60 out of range",127.215635249178,0,127.215635249178,"Plate3_1_SW_F6_20250926"
"155","FE_2_low Std curve r2 low; FE_2_diff Std curve r2 low; Reduction Efficiency out of range; Fe2 Chk Std 0.6 out of range; Fe3 Chk Std 60 out of range",90.0244418736823,0,90.0244418736823,"Plate3_1_SW_F6_20250926"
"156","FE_2_low Std curve r2 low; FE_2_diff Std curve r2 low; Reduction Efficiency out of range; Fe2 Chk Std 0.6 out of range; Fe3 Chk Std 60 out of range",107.225368809849,0,107.225368809849,"Plate3_1_SW_F6_20250926"
"157","FE_2_low Std curve r2 low; FE_2_diff Std curve r2 low; Reduction Efficiency out of range; Fe2 Chk Std 0.6 out of range; Fe3 Chk Std 60 out of range",142.557002516571,0,142.557002516571,"Plate3_1_SW_F6_20250926 dup"
"158","FE_2_low Std curve r2 low; FE_2_diff Std curve r2 low; Reduction Efficiency out of range; Fe2 Chk Std 0.6 out of range; Fe3 Chk Std 60 out of range",126.285855414791,0,126.285855414791,"Plate3_1_SW_F6_20250926 dup"
"159","FE_2_low Std curve r2 low; FE_2_diff Std curve r2 low; Reduction Efficiency out of range; Fe2 Chk Std 0.6 out of range; Fe3 Chk Std 60 out of range",136.048543675859,0,136.048543675859,"Plate3_1_SW_F6_20250926 dup"
"160","FE_2_low Std curve r2 low; FE_2_diff Std curve r2 low; Reduction Efficiency out of range; Fe2 Chk Std 0.6 out of range; Fe3 Chk Std 60 out of range",18.0644827586207,0,18.0644827586207,"Plate3_1_SW_H6_20250926"
"161","FE_2_low Std curve r2 low; FE_2_diff Std curve r2 low; Reduction Efficiency out of range; Fe2 Chk Std 0.6 out of range; Fe3 Chk Std 60 out of range",16.6760689655172,0,16.6760689655172,"Plate3_1_SW_H6_20250926"
"162","FE_2_low Std curve r2 low; FE_2_diff Std curve r2 low; Reduction Efficiency out of range; Fe2 Chk Std 0.6 out of range; Fe3 Chk Std 60 out of range",16.3289655172414,0,16.3289655172414,"Plate3_1_SW_H6_20250926"
"163","FE_2_low Std curve r2 low; FE_2_diff Std curve r2 low; Reduction Efficiency out of range; Fe2 Chk Std 0.6 out of range; Fe3 Chk Std 60 out of range",29.1717931034483,0,29.1717931034483,"Plate3_1_SW_B4_20250929"
"164","FE_2_low Std curve r2 low; FE_2_diff Std curve r2 low; Reduction Efficiency out of range; Fe2 Chk Std 0.6 out of range; Fe3 Chk Std 60 out of range",45.8327586206897,0,45.8327586206897,"Plate3_1_SW_B4_20250929"
"165","FE_2_low Std curve r2 low; FE_2_diff Std curve r2 low; Reduction Efficiency out of range; Fe2 Chk Std 0.6 out of range; Fe3 Chk Std 60 out of range",45.8327586206897,0,45.8327586206897,"Plate3_1_SW_B4_20250929"
"166","FE_2_low Std curve r2 low; FE_2_diff Std curve r2 low; Reduction Efficiency out of range; Fe2 Chk Std 0.6 out of range; Fe3 Chk Std 60 out of range",51.7335172413793,0,51.7335172413793,"Plate3_1_SW_B4_20250929 dup"
"167","FE_2_low Std curve r2 low; FE_2_diff Std curve r2 low; Reduction Efficiency out of range; Fe2 Chk Std 0.6 out of range; Fe3 Chk Std 60 out of range",48.6095862068966,0,48.6095862068966,"Plate3_1_SW_B4_20250929 dup"
"168","FE_2_low Std curve r2 low; FE_2_diff Std curve r2 low; Reduction Efficiency out of range; Fe2 Chk Std 0.6 out of range; Fe3 Chk Std 60 out of range",47.2211724137931,0,47.2211724137931,"Plate3_1_SW_B4_20250929 dup"
"169","FE_2_low Std curve r2 low; FE_2_diff Std curve r2 low; Reduction Efficiency out of range; Fe2 Chk Std 0.6 out of range; Fe3 Chk Std 60 out of range",17.0231724137931,0,17.0231724137931,"Plate3_1_C_I5_20251101"
"170","FE_2_low Std curve r2 low; FE_2_diff Std curve r2 low; Reduction Efficiency out of range; Fe2 Chk Std 0.6 out of range; Fe3 Chk Std 60 out of range",15.6347586206897,0,15.6347586206897,"Plate3_1_C_I5_20251101"
"171","FE_2_low Std curve r2 low; FE_2_diff Std curve r2 low; Reduction Efficiency out of range; Fe2 Chk Std 0.6 out of range; Fe3 Chk Std 60 out of range",15.2876551724138,0,15.2876551724138,"Plate3_1_C_I5_20251101"
"172","FE_2_low Std curve r2 low; FE_2_diff Std curve r2 low; Reduction Efficiency out of range; Fe2 Chk Std 0.6 out of range; Fe3 Chk Std 60 out of range",13.2050344827586,0,13.2050344827586,"Plate3_1_SW_D5_20251101"
"173","FE_2_low Std curve r2 low; FE_2_diff Std curve r2 low; Reduction Efficiency out of range; Fe2 Chk Std 0.6 out of range; Fe3 Chk Std 60 out of range",12.163724137931,0,12.163724137931,"Plate3_1_SW_D5_20251101"
"174","FE_2_low Std curve r2 low; FE_2_diff Std curve r2 low; Reduction Efficiency out of range; Fe2 Chk Std 0.6 out of range; Fe3 Chk Std 60 out of range",11.8166206896552,0,11.8166206896552,"Plate3_1_SW_D5_20251101"
