"","Plate","Wells","Abs1","Abs2","IDs","Dilution","QAQC_flag","FE_2_Curve","FE_Tot_Curve","FE_2_Conc","CalcAbs2","Abs2_diff","FE_3_Conc","FE_2_Conc_DilCorr","FE_3_Conc_DilCorr","FE_2_Conc_Final","FE_3_Conc_Final","FE_tot_Conc_Final","ID_full"
"1","Plate1","A04",0.1,0.119,"C_H3_20250131",1,"FE_Tot_low Std curve r2 low; FE_2_diff Std curve r2 low; Fe2 Chk Std 0.6 out of range; Fe2 Chk Std 9 out of range","Within range","Within range",22.0670718044287,0.136162355942334,-0.0171623559423344,-9.65123788416379,22.0670718044287,-9.65123788416379,22.0670718044287,0,22.0670718044287,"Plate1_1_C_H3_20250131"
"2","Plate1","A05",0.106,0.112,"C_H3_20250131",1,"FE_Tot_low Std curve r2 low; FE_2_diff Std curve r2 low; Fe2 Chk Std 0.6 out of range; Fe2 Chk Std 9 out of range","Within range","Within range",24.1969665782068,0.145441099439537,-0.0334410994395375,-18.8055769780901,24.1969665782068,-18.8055769780901,24.1969665782068,0,24.1969665782068,"Plate1_1_C_H3_20250131"
"3","Plate1","A06",0.111,0.121,"C_H3_20250131",1,"FE_Tot_low Std curve r2 low; FE_2_diff Std curve r2 low; Fe2 Chk Std 0.6 out of range; Fe2 Chk Std 9 out of range","Within range","Within range",25.9718788896886,0.153173385687207,-0.0321733856872067,-18.0926791082476,25.9718788896886,-18.0926791082476,25.9718788896886,0,25.9718788896886,"Plate1_1_C_H3_20250131"
"4","Plate1","A07",0.056,0.065,"FW_E3_20250131",1,"FE_Tot_low Std curve r2 low; FE_2_diff Std curve r2 low; Fe2 Chk Std 0.6 out of range; Fe2 Chk Std 9 out of range","Within range","Within range",6.44784346338909,0.0681182369628452,-0.00311823696284518,-1.7535381977119,6.44784346338909,-1.7535381977119,6.44784346338909,0,6.44784346338909,"Plate1_1_FW_E3_20250131"
"5","Plate1","A08",0.064,0.064,"FW_E3_20250131",1,"FE_Tot_low Std curve r2 low; FE_2_diff Std curve r2 low; Fe2 Chk Std 0.6 out of range; Fe2 Chk Std 9 out of range","Within range","Within range",9.28770316175993,0.0804898949591159,-0.0164898949591159,-9.27307995883776,9.28770316175993,-9.27307995883776,9.28770316175993,0,9.28770316175993,"Plate1_1_FW_E3_20250131"
"6","Plate1","A09",0.062,0.064,"FW_E3_20250131",1,"FE_Tot_low Std curve r2 low; FE_2_diff Std curve r2 low; Fe2 Chk Std 0.6 out of range; Fe2 Chk Std 9 out of range","Within range","Within range",8.57773823716722,0.0773969804600483,-0.0133969804600483,-7.53378182947958,8.57773823716722,-7.53378182947958,8.57773823716722,0,8.57773823716722,"Plate1_1_FW_E3_20250131"
"7","Plate1","A10",0.18,0.19,"SW_C6_20250204",1,"FE_Tot_low Std curve r2 low; FE_2_diff Std curve r2 low; Fe2 Chk Std 0.6 out of range; Fe2 Chk Std 9 out of range","Within range","Within range",50.4656687881371,0.259878935905042,-0.069878935905042,-41.9564360757028,50.4656687881371,-41.9564360757028,50.4656687881371,0,50.4656687881371,"Plate1_1_SW_C6_20250204"
"8","Plate1","A11",0.164,0.174,"SW_C6_20250204",1,"FE_Tot_low Std curve r2 low; FE_2_diff Std curve r2 low; Fe2 Chk Std 0.6 out of range; Fe2 Chk Std 9 out of range","Within range","Within range",44.7859493913954,0.235135619912501,-0.0611356199125005,-36.7068086482155,44.7859493913954,-36.7068086482155,44.7859493913954,0,44.7859493913954,"Plate1_1_SW_C6_20250204"
"9","Plate1","A12",0.166,0.177,"SW_C6_20250204",1,"FE_Tot_low Std curve r2 low; FE_2_diff Std curve r2 low; Fe2 Chk Std 0.6 out of range; Fe2 Chk Std 9 out of range","Within range","Within range",45.4959143159881,0.238228534411568,-0.0612285344115682,-36.7625960065968,45.4959143159881,-36.7625960065968,45.4959143159881,0,45.4959143159881,"Plate1_1_SW_C6_20250204"
"10","Plate1","B04",0.09,0.099,"C_H6_20250131",1,"FE_Tot_low Std curve r2 low; FE_2_diff Std curve r2 low; Fe2 Chk Std 0.6 out of range; Fe2 Chk Std 9 out of range","Within range","Within range",18.5172471814652,0.120697783446996,-0.0216977834469959,-12.2017321112351,18.5172471814652,-12.2017321112351,18.5172471814652,0,18.5172471814652,"Plate1_1_C_H6_20250131"
"11","Plate1","B05",0.09,0.096,"C_H6_20250131",1,"FE_Tot_low Std curve r2 low; FE_2_diff Std curve r2 low; Fe2 Chk Std 0.6 out of range; Fe2 Chk Std 9 out of range","Within range","Within range",18.5172471814652,0.120697783446996,-0.0246977834469959,-13.8887798423145,18.5172471814652,-13.8887798423145,18.5172471814652,0,18.5172471814652,"Plate1_1_C_H6_20250131"
"12","Plate1","B06",0.091,0.097,"C_H6_20250131",1,"FE_Tot_low Std curve r2 low; FE_2_diff Std curve r2 low; Fe2 Chk Std 0.6 out of range; Fe2 Chk Std 9 out of range","Within range","Within range",18.8722296437615,0.12224424069653,-0.0252442406965298,-14.1960796633005,18.8722296437615,-14.1960796633005,18.8722296437615,0,18.8722296437615,"Plate1_1_C_H6_20250131"
"13","Plate1","B07",0.09,0.09,"FW_H3_20250131",1,"FE_Tot_low Std curve r2 low; FE_2_diff Std curve r2 low; Fe2 Chk Std 0.6 out of range; Fe2 Chk Std 9 out of range","Within range","Within range",18.5172471814652,0.120697783446996,-0.0306977834469959,-17.2628753044732,18.5172471814652,-17.2628753044732,18.5172471814652,0,18.5172471814652,"Plate1_1_FW_H3_20250131"
"14","Plate1","B08",0.085,0.086,"FW_H3_20250131",1,"FE_Tot_low Std curve r2 low; FE_2_diff Std curve r2 low; Fe2 Chk Std 0.6 out of range; Fe2 Chk Std 9 out of range","Within range","Within range",16.7423348699834,0.112965497199327,-0.0269654971993267,-15.1640269558502,16.7423348699834,-15.1640269558502,16.7423348699834,0,16.7423348699834,"Plate1_1_FW_H3_20250131"
"15","Plate1","B09",0.092,0.084,"FW_H3_20250131",1,"FE_Tot_low Std curve r2 low; FE_2_diff Std curve r2 low; Fe2 Chk Std 0.6 out of range; Fe2 Chk Std 9 out of range","Within range","Within range",19.2272121060579,0.123790697946064,-0.0397906979460636,-22.3762688959901,19.2272121060579,-22.3762688959901,19.2272121060579,0,19.2272121060579,"Plate1_1_FW_H3_20250131"
"16","Plate1","B10",0.154,0.156,"SW_H6_20250204",1,"FE_Tot_low Std curve r2 low; FE_2_diff Std curve r2 low; Fe2 Chk Std 0.6 out of range; Fe2 Chk Std 9 out of range","Within range","Within range",41.2361247684319,0.219671047417162,-0.063671047417162,-38.2291200664727,41.2361247684319,-38.2291200664727,41.2361247684319,0,41.2361247684319,"Plate1_1_SW_H6_20250204"
"17","Plate1","B11",0.142,0.148,"SW_H6_20250204",1,"FE_Tot_low Std curve r2 low; FE_2_diff Std curve r2 low; Fe2 Chk Std 0.6 out of range; Fe2 Chk Std 9 out of range","Within range","Within range",36.9763352208756,0.201113560422756,-0.0531135604227559,-29.8683705335854,36.9763352208756,-29.8683705335854,36.9763352208756,0,36.9763352208756,"Plate1_1_SW_H6_20250204"
"18","Plate1","B12",0.14,0.145,"SW_H6_20250204",1,"FE_Tot_low Std curve r2 low; FE_2_diff Std curve r2 low; Fe2 Chk Std 0.6 out of range; Fe2 Chk Std 9 out of range","Within range","Within range",36.2663702962829,0.198020645923688,-0.0530206459236882,-29.8161201353065,36.2663702962829,-29.8161201353065,36.2663702962829,0,36.2663702962829,"Plate1_1_SW_H6_20250204"
"19","Plate1","C04",0.106,0.121,"C_B4_20250131",1,"FE_Tot_low Std curve r2 low; FE_2_diff Std curve r2 low; Fe2 Chk Std 0.6 out of range; Fe2 Chk Std 9 out of range","Within range","Within range",24.1969665782068,0.145441099439537,-0.0244410994395375,-13.7444337848521,24.1969665782068,-13.7444337848521,24.1969665782068,0,24.1969665782068,"Plate1_1_C_B4_20250131"
"20","Plate1","C05",0.077,0.112,"C_B4_20250131",1,"FE_Tot_low Std curve r2 low; FE_2_diff Std curve r2 low; Fe2 Chk Std 0.6 out of range; Fe2 Chk Std 9 out of range","Within range","Within range",13.9024751716125,0.100593839203056,0.0114061607969441,6.41424589760356,13.9024751716125,6.41424589760356,13.9024751716125,6.41424589760356,20.3167210692161,"Plate1_1_C_B4_20250131"
"21","Plate1","C06",0.112,0.115,"C_B4_20250131",1,"FE_Tot_low Std curve r2 low; FE_2_diff Std curve r2 low; Fe2 Chk Std 0.6 out of range; Fe2 Chk Std 9 out of range","Within range","Within range",26.326861351985,0.154719842936741,-0.0397198429367405,-22.3364236350854,26.326861351985,-22.3364236350854,26.326861351985,0,26.326861351985,"Plate1_1_C_B4_20250131"
"22","Plate1","C07",0.057,0.072,"FW_I5_20250131",1,"FE_Tot_low Std curve r2 low; FE_2_diff Std curve r2 low; Fe2 Chk Std 0.6 out of range; Fe2 Chk Std 9 out of range","Within range","Within range",6.80282592568545,0.069664694212379,0.00233530578762096,1.3132574434608,6.80282592568545,1.3132574434608,6.80282592568545,1.3132574434608,8.11608336914625,"Plate1_1_FW_I5_20250131"
"23","Plate1","C08",0.065,0.072,"FW_I5_20250131",1,"FE_Tot_low Std curve r2 low; FE_2_diff Std curve r2 low; Fe2 Chk Std 0.6 out of range; Fe2 Chk Std 9 out of range","Within range","Within range",9.64268562405629,0.0820363522086498,-0.0100363522086498,-5.64393507397194,9.64268562405629,-5.64393507397194,9.64268562405629,0,9.64268562405629,"Plate1_1_FW_I5_20250131"
"24","Plate1","C09",0.069,0.07,"FW_I5_20250131",1,"FE_Tot_low Std curve r2 low; FE_2_diff Std curve r2 low; Fe2 Chk Std 0.6 out of range; Fe2 Chk Std 9 out of range","Within range","Within range",11.0626154732417,0.0882221812067852,-0.0182221812067852,-10.2472298200745,11.0626154732417,-10.2472298200745,11.0626154732417,0,11.0626154732417,"Plate1_1_FW_I5_20250131"
"25","Plate1","C10",0.078,0.079,"FW_E3_20250204",1,"FE_Tot_low Std curve r2 low; FE_2_diff Std curve r2 low; Fe2 Chk Std 0.6 out of range; Fe2 Chk Std 9 out of range","Within range","Within range",14.2574576339089,0.10214029645259,-0.0231402964525898,-13.0129282089483,14.2574576339089,-13.0129282089483,14.2574576339089,0,14.2574576339089,"Plate1_1_FW_E3_20250204"
"26","Plate1","C11",0.078,0.077,"FW_E3_20250204",1,"FE_Tot_low Std curve r2 low; FE_2_diff Std curve r2 low; Fe2 Chk Std 0.6 out of range; Fe2 Chk Std 9 out of range","Within range","Within range",14.2574576339089,0.10214029645259,-0.0251402964525898,-14.1376266963346,14.2574576339089,-14.1376266963346,14.2574576339089,0,14.2574576339089,"Plate1_1_FW_E3_20250204"
"27","Plate1","C12",0.078,0.079,"FW_E3_20250204",1,"FE_Tot_low Std curve r2 low; FE_2_diff Std curve r2 low; Fe2 Chk Std 0.6 out of range; Fe2 Chk Std 9 out of range","Within range","Within range",14.2574576339089,0.10214029645259,-0.0231402964525898,-13.0129282089483,14.2574576339089,-13.0129282089483,14.2574576339089,0,14.2574576339089,"Plate1_1_FW_E3_20250204"
"28","Plate1","D04",0.167,0.192,"SW_C6_20250131",1,"FE_Tot_low Std curve r2 low; FE_2_diff Std curve r2 low; Fe2 Chk Std 0.6 out of range; Fe2 Chk Std 9 out of range","Within range","Within range",45.8508967782845,0.239774991661102,-0.0477749916611021,-28.6848727400503,45.8508967782845,-28.6848727400503,45.8508967782845,0,45.8508967782845,"Plate1_1_SW_C6_20250131"
"29","Plate1","D05",0.131,0.18,"SW_C6_20250131",1,"FE_Tot_low Std curve r2 low; FE_2_diff Std curve r2 low; Fe2 Chk Std 0.6 out of range; Fe2 Chk Std 9 out of range","Within range","Within range",33.0715281356157,0.184102530677884,-0.00410253067788363,-2.46322534689333,33.0715281356157,-2.46322534689333,33.0715281356157,0,33.0715281356157,"Plate1_1_SW_C6_20250131"
"30","Plate1","D06",0.125,0.176,"SW_C6_20250131",1,"FE_Tot_low Std curve r2 low; FE_2_diff Std curve r2 low; Fe2 Chk Std 0.6 out of range; Fe2 Chk Std 9 out of range","Within range","Within range",30.9416333618376,0.174823787180681,0.00117621281931946,0.706217078523632,30.9416333618376,0.706217078523632,30.9416333618376,0.706217078523632,31.6478504403612,"Plate1_1_SW_C6_20250131"
"31","Plate1","D07",0.071,0.075,"FW_I5_20250131 dup",1,"FE_Tot_low Std curve r2 low; FE_2_diff Std curve r2 low; Fe2 Chk Std 0.6 out of range; Fe2 Chk Std 9 out of range","Within range","Within range",11.7725803978344,0.0913150957058528,-0.0163150957058529,-9.17478173096714,11.7725803978344,-9.17478173096714,11.7725803978344,0,11.7725803978344,"Plate1_1_FW_I5_20250131 dup"
"32","Plate1","D08",0.064,0.071,"FW_I5_20250131 dup",1,"FE_Tot_low Std curve r2 low; FE_2_diff Std curve r2 low; Fe2 Chk Std 0.6 out of range; Fe2 Chk Std 9 out of range","Within range","Within range",9.28770316175993,0.0804898949591159,-0.00948989495911594,-5.33663525298596,9.28770316175993,-5.33663525298596,9.28770316175993,0,9.28770316175993,"Plate1_1_FW_I5_20250131 dup"
"33","Plate1","D09",0.066,0.073,"FW_I5_20250131 dup",1,"FE_Tot_low Std curve r2 low; FE_2_diff Std curve r2 low; Fe2 Chk Std 0.6 out of range; Fe2 Chk Std 9 out of range","Within range","Within range",9.99766808635264,0.0835828094581836,-0.0105828094581836,-5.95123489495792,9.99766808635264,-5.95123489495792,9.99766808635264,0,9.99766808635264,"Plate1_1_FW_I5_20250131 dup"
"34","Plate1","D10",0.082,0.086,"FW_H3_20250204",1,"FE_Tot_low Std curve r2 low; FE_2_diff Std curve r2 low; Fe2 Chk Std 0.6 out of range; Fe2 Chk Std 9 out of range","Within range","Within range",15.6773874830943,0.108326125450725,-0.0223261254507252,-12.5550797618129,15.6773874830943,-12.5550797618129,15.6773874830943,0,15.6773874830943,"Plate1_1_FW_H3_20250204"
"35","Plate1","D11",0.075,0.082,"FW_H3_20250204",1,"FE_Tot_low Std curve r2 low; FE_2_diff Std curve r2 low; Fe2 Chk Std 0.6 out of range; Fe2 Chk Std 9 out of range","Within range","Within range",13.1925102470198,0.0975009247039882,-0.0155009247039882,-8.71693328383171,13.1925102470198,-8.71693328383171,13.1925102470198,0,13.1925102470198,"Plate1_1_FW_H3_20250204"
"36","Plate1","D12",0.072,0.08,"FW_H3_20250204",1,"FE_Tot_low Std curve r2 low; FE_2_diff Std curve r2 low; Fe2 Chk Std 0.6 out of range; Fe2 Chk Std 9 out of range","Within range","Within range",12.1275628601308,0.0928615529553867,-0.0128615529553867,-7.23268457718066,12.1275628601308,-7.23268457718066,12.1275628601308,0,12.1275628601308,"Plate1_1_FW_H3_20250204"
"37","Plate1","E04",0.159,0.195,"SW_C3_20250131",1,"FE_Tot_low Std curve r2 low; FE_2_diff Std curve r2 low; Fe2 Chk Std 0.6 out of range; Fe2 Chk Std 9 out of range","Within range","Within range",43.0110370799136,0.227403333664831,-0.0324033336648313,-19.455482255706,43.0110370799136,-19.455482255706,43.0110370799136,0,43.0110370799136,"Plate1_1_SW_C3_20250131"
"38","Plate1","E05",0.17,0.182,"SW_C3_20250131",1,"FE_Tot_low Std curve r2 low; FE_2_diff Std curve r2 low; Fe2 Chk Std 0.6 out of range; Fe2 Chk Std 9 out of range","Within range","Within range",46.9158441651736,0.244414363409704,-0.0624143634097036,-37.474586793414,46.9158441651736,-37.474586793414,46.9158441651736,0,46.9158441651736,"Plate1_1_SW_C3_20250131"
"39","Plate1","E06",0.159,0.182,"SW_C3_20250131",1,"FE_Tot_low Std curve r2 low; FE_2_diff Std curve r2 low; Fe2 Chk Std 0.6 out of range; Fe2 Chk Std 9 out of range","Within range","Within range",43.0110370799136,0.227403333664831,-0.0454033336648313,-27.2608911664158,43.0110370799136,-27.2608911664158,43.0110370799136,0,43.0110370799136,"Plate1_1_SW_C3_20250131"
"40","Plate1","E07",0.066,0.068,"FW_F6_20250131",1,"FE_Tot_low Std curve r2 low; FE_2_diff Std curve r2 low; Fe2 Chk Std 0.6 out of range; Fe2 Chk Std 9 out of range","Within range","Within range",9.99766808635264,0.0835828094581836,-0.0155828094581836,-8.76298111342349,9.99766808635264,-8.76298111342349,9.99766808635264,0,9.99766808635264,"Plate1_1_FW_F6_20250131"
"41","Plate1","E08",0.068,0.065,"FW_F6_20250131",1,"FE_Tot_low Std curve r2 low; FE_2_diff Std curve r2 low; Fe2 Chk Std 0.6 out of range; Fe2 Chk Std 9 out of range","Within range","Within range",10.7076330109454,0.0866757239572513,-0.0216757239572513,-12.189326973861,10.7076330109454,-12.189326973861,10.7076330109454,0,10.7076330109454,"Plate1_1_FW_F6_20250131"
"42","Plate1","E09",0.064,0.065,"FW_F6_20250131",1,"FE_Tot_low Std curve r2 low; FE_2_diff Std curve r2 low; Fe2 Chk Std 0.6 out of range; Fe2 Chk Std 9 out of range","Within range","Within range",9.28770316175993,0.0804898949591159,-0.0154898949591159,-8.71073071514464,9.28770316175993,-8.71073071514464,9.28770316175993,0,9.28770316175993,"Plate1_1_FW_F6_20250131"
"43","Plate1","E10",0.241,0.264,"SW_F6_20250403",1,"FE_Tot_low Std curve r2 low; FE_2_diff Std curve r2 low; Fe2 Chk Std 0.6 out of range; Fe2 Chk Std 9 out of range","Within range","Within range",90.3429860467768,0.382265768840334,-0.118265768840334,-71.0086681490992,90.3429860467768,-71.0086681490992,90.3429860467768,0,90.3429860467768,"Plate1_1_SW_F6_20250403"
"44","Plate1","E11",0.219,0.251,"SW_F6_20250403",1,"FE_Tot_low Std curve r2 low; FE_2_diff Std curve r2 low; Fe2 Chk Std 0.6 out of range; Fe2 Chk Std 9 out of range","Within range","Within range",79.8536105766556,0.344118505587805,-0.0931185055878045,-55.9098471743872,79.8536105766556,-55.9098471743872,79.8536105766556,0,79.8536105766556,"Plate1_1_SW_F6_20250403"
"45","Plate1","E12",0.232,0.249,"SW_F6_20250403",1,"FE_Tot_low Std curve r2 low; FE_2_diff Std curve r2 low; Fe2 Chk Std 0.6 out of range; Fe2 Chk Std 9 out of range","Within range","Within range",86.051877899909,0.366660070237026,-0.117660070237026,-70.6449969740638,86.051877899909,-70.6449969740638,86.051877899909,0,86.051877899909,"Plate1_1_SW_F6_20250403"
"46","Plate1","F04",0.065,0.074,"SW_E3_20250131",1,"FE_Tot_low Std curve r2 low; FE_2_diff Std curve r2 low; Fe2 Chk Std 0.6 out of range; Fe2 Chk Std 9 out of range","Within range","Within range",9.64268562405629,0.0820363522086498,-0.00803635220864979,-4.51923658658571,9.64268562405629,-4.51923658658571,9.64268562405629,0,9.64268562405629,"Plate1_1_SW_E3_20250131"
"47","Plate1","F05",0.056,0.057,"SW_E3_20250131",1,"FE_Tot_low Std curve r2 low; FE_2_diff Std curve r2 low; Fe2 Chk Std 0.6 out of range; Fe2 Chk Std 9 out of range","Within range","Within range",6.44784346338909,0.0681182369628452,-0.0111182369628452,-6.25233214725682,6.44784346338909,-6.25233214725682,6.44784346338909,0,6.44784346338909,"Plate1_1_SW_E3_20250131"
"48","Plate1","F06",0.054,0.055,"SW_E3_20250131",1,"FE_Tot_low Std curve r2 low; FE_2_diff Std curve r2 low; Fe2 Chk Std 0.6 out of range; Fe2 Chk Std 9 out of range","Within range","Within range",5.73787853879638,0.0650253224637775,-0.0100253224637775,-5.63773250528487,5.73787853879638,-5.63773250528487,5.73787853879638,0,5.73787853879638,"Plate1_1_SW_E3_20250131"
"49","Plate1","F07",0.138,0.207,"FW_F6_20250131 spk ",1,"FE_Tot_low Std curve r2 low; FE_2_diff Std curve r2 low; Fe2 Chk Std 0.6 out of range; Fe2 Chk Std 9 out of range","Within range","Within range",35.5564053716902,0.194927731424621,0.0120722685753795,7.24838405467301,35.5564053716902,7.24838405467301,35.5564053716902,7.24838405467301,42.8047894263632,"Plate1_1_FW_F6_20250131 spk "
"50","Plate1","F08",0.087,0.166,"FW_F6_20250131 spk ",1,"FE_Tot_low Std curve r2 low; FE_2_diff Std curve r2 low; Fe2 Chk Std 0.6 out of range; Fe2 Chk Std 9 out of range","Within range","Within range",17.4522997945761,0.116058411698394,0.0499415883016056,29.985732180335,17.4522997945761,29.985732180335,17.4522997945761,29.985732180335,47.4380319749111,"Plate1_1_FW_F6_20250131 spk "
"51","Plate1","F09",0.087,0.248,"FW_F6_20250131 spk ",1,"FE_Tot_low Std curve r2 low; FE_2_diff Std curve r2 low; Fe2 Chk Std 0.6 out of range; Fe2 Chk Std 9 out of range","Within range","Within range",17.4522997945761,0.116058411698394,0.131941588301606,79.2198499248124,17.4522997945761,79.2198499248124,17.4522997945761,79.2198499248124,96.6721497193885,"Plate1_1_FW_F6_20250131 spk "
"52","Plate1","F10",0.126,0.135,"SW_H6_20250403",1,"FE_Tot_low Std curve r2 low; FE_2_diff Std curve r2 low; Fe2 Chk Std 0.6 out of range; Fe2 Chk Std 9 out of range","Within range","Within range",31.2966158241339,0.176370244430214,-0.0413702444302144,-23.2645256667304,31.2966158241339,-23.2645256667304,31.2966158241339,0,31.2966158241339,"Plate1_1_SW_H6_20250403"
"53","Plate1","F11",0.12,0.129,"SW_H6_20250403",1,"FE_Tot_low Std curve r2 low; FE_2_diff Std curve r2 low; Fe2 Chk Std 0.6 out of range; Fe2 Chk Std 9 out of range","Within range","Within range",29.1667210503558,0.167091500933011,-0.0380915009330113,-21.4207267408145,29.1667210503558,-21.4207267408145,29.1667210503558,0,29.1667210503558,"Plate1_1_SW_H6_20250403"
"54","Plate1","F12",0.119,0.127,"SW_H6_20250403",1,"FE_Tot_low Std curve r2 low; FE_2_diff Std curve r2 low; Fe2 Chk Std 0.6 out of range; Fe2 Chk Std 9 out of range","Within range","Within range",28.8117385880594,0.165545043683477,-0.0385450436834774,-21.6757761635216,28.8117385880594,-21.6757761635216,28.8117385880594,0,28.8117385880594,"Plate1_1_SW_H6_20250403"
"55","Plate1","G04",0.055,0.057,"FW_D5_20250131",1,"FE_Tot_low Std curve r2 low; FE_2_diff Std curve r2 low; Fe2 Chk Std 0.6 out of range; Fe2 Chk Std 9 out of range","Within range","Within range",6.09286100109274,0.0665717797133113,-0.00957177971331132,-5.38268308257773,6.09286100109274,-5.38268308257773,6.09286100109274,0,6.09286100109274,"Plate1_1_FW_D5_20250131"
"56","Plate1","G05",0.054,0.056,"FW_D5_20250131",1,"FE_Tot_low Std curve r2 low; FE_2_diff Std curve r2 low; Fe2 Chk Std 0.6 out of range; Fe2 Chk Std 9 out of range","Within range","Within range",5.73787853879638,0.0650253224637775,-0.00902532246377748,-5.07538326159175,5.73787853879638,-5.07538326159175,5.73787853879638,0,5.73787853879638,"Plate1_1_FW_D5_20250131"
"57","Plate1","G06",0.055,0.056,"FW_D5_20250131",1,"FE_Tot_low Std curve r2 low; FE_2_diff Std curve r2 low; Fe2 Chk Std 0.6 out of range; Fe2 Chk Std 9 out of range","Within range","Within range",6.09286100109274,0.0665717797133113,-0.0105717797133113,-5.94503232627084,6.09286100109274,-5.94503232627084,6.09286100109274,0,6.09286100109274,"Plate1_1_FW_D5_20250131"
"58","Plate1","G07",0.185,0.161,"C_H3_20250204",1,"FE_Tot_low Std curve r2 low; FE_2_diff Std curve r2 low; Fe2 Chk Std 0.6 out of range; Fe2 Chk Std 9 out of range","Within range","Within range",52.2405810996189,0.267611222152711,-0.106611222152711,-64.0110910286491,52.2405810996189,-64.0110910286491,52.2405810996189,0,52.2405810996189,"Plate1_1_C_H3_20250204"
"59","Plate1","G08",0.109,0.108,"C_H3_20250204",1,"FE_Tot_low Std curve r2 low; FE_2_diff Std curve r2 low; Fe2 Chk Std 0.6 out of range; Fe2 Chk Std 9 out of range","Within range","Within range",25.2619139650959,0.150080471188139,-0.042080471188139,-23.6639211468999,25.2619139650959,-23.6639211468999,25.2619139650959,0,25.2619139650959,"Plate1_1_C_H3_20250204"
"60","Plate1","G09",0.108,0.107,"C_H3_20250204",1,"FE_Tot_low Std curve r2 low; FE_2_diff Std curve r2 low; Fe2 Chk Std 0.6 out of range; Fe2 Chk Std 9 out of range","Within range","Within range",24.9069315027995,0.148534013938605,-0.0415340139386052,-23.3566213259139,24.9069315027995,-23.3566213259139,24.9069315027995,0,24.9069315027995,"Plate1_1_C_H3_20250204"
"61","Plate1","G10",0.212,0.33,"SW_C3_20250403",1,"FE_Tot_low Std curve r2 low; FE_2_diff Std curve r2 low; Fe2 Chk Std 0.6 out of range; Fe2 Chk Std 9 out of range","Within range","Within range",76.5160820179807,0.331980740007454,-0.00198074000745441,-1.1892681310757,76.5160820179807,-1.1892681310757,76.5160820179807,0,76.5160820179807,"Plate1_1_SW_C3_20250403"
"62","Plate1","G11",0.29,0.362,"SW_C3_20250403",1,"FE_Tot_low Std curve r2 low; FE_2_diff Std curve r2 low; Fe2 Chk Std 0.6 out of range; Fe2 Chk Std 9 out of range","Within range","Within range",113.705685957501,0.467230127902785,-0.105230127902785,-63.1818598467331,113.705685957501,-63.1818598467331,113.705685957501,0,113.705685957501,"Plate1_1_SW_C3_20250403"
"63","Plate1","G12",0.335,0.359,"SW_C3_20250403",1,"FE_Tot_low Std curve r2 low; FE_2_diff Std curve r2 low; Fe2 Chk Std 0.6 out of range; Fe2 Chk Std 9 out of range","Within range","Within range",135.16122669184,0.545258620919321,-0.186258620919321,-111.832669186169,135.16122669184,-111.832669186169,135.16122669184,0,135.16122669184,"Plate1_1_SW_C3_20250403"
"64","Plate1","H04",0.059,0.06,"FW_C3_20250131",1,"FE_Tot_low Std curve r2 low; FE_2_diff Std curve r2 low; Fe2 Chk Std 0.6 out of range; Fe2 Chk Std 9 out of range","Within range","Within range",7.51279085027816,0.0727576087114467,-0.0127576087114467,-7.17423161021476,7.51279085027816,-7.17423161021476,7.51279085027816,0,7.51279085027816,"Plate1_1_FW_C3_20250131"
"65","Plate1","H05",0.063,0.067,"FW_C3_20250131",1,"FE_Tot_low Std curve r2 low; FE_2_diff Std curve r2 low; Fe2 Chk Std 0.6 out of range; Fe2 Chk Std 9 out of range","Within range","Within range",8.93272069946358,0.0789434377095821,-0.0119434377095821,-6.71638316307932,8.93272069946358,-6.71638316307932,8.93272069946358,0,8.93272069946358,"Plate1_1_FW_C3_20250131"
"66","Plate1","H06",0.066,0.065,"FW_C3_20250131",1,"FE_Tot_low Std curve r2 low; FE_2_diff Std curve r2 low; Fe2 Chk Std 0.6 out of range; Fe2 Chk Std 9 out of range","Within range","Within range",9.99766808635264,0.0835828094581836,-0.0185828094581836,-10.4500288445028,9.99766808635264,-10.4500288445028,9.99766808635264,0,9.99766808635264,"Plate1_1_FW_C3_20250131"
"67","Plate1","H07",0.085,0.105,"C_I5_20250204",1,"FE_Tot_low Std curve r2 low; FE_2_diff Std curve r2 low; Fe2 Chk Std 0.6 out of range; Fe2 Chk Std 9 out of range","Within range","Within range",16.7423348699834,0.112965497199327,-0.00796549719932671,-4.479391325681,16.7423348699834,-4.479391325681,16.7423348699834,0,16.7423348699834,"Plate1_1_C_I5_20250204"
"68","Plate1","H08",0.099,0.1,"C_I5_20250204",1,"FE_Tot_low Std curve r2 low; FE_2_diff Std curve r2 low; Fe2 Chk Std 0.6 out of range; Fe2 Chk Std 9 out of range","Within range","Within range",21.7120893421324,0.134615898692801,-0.0346158986928005,-19.4662244496539,21.7120893421324,-19.4662244496539,21.7120893421324,0,21.7120893421324,"Plate1_1_C_I5_20250204"
"69","Plate1","H09",0.098,0.099,"C_I5_20250204",1,"FE_Tot_low Std curve r2 low; FE_2_diff Std curve r2 low; Fe2 Chk Std 0.6 out of range; Fe2 Chk Std 9 out of range","Within range","Within range",21.357106879836,0.133069441443267,-0.0340694414432667,-19.1589246286679,21.357106879836,-19.1589246286679,21.357106879836,0,21.357106879836,"Plate1_1_C_I5_20250204"
"70","Plate1","H10",0.094,0.093,"C_F4_20250403",1,"FE_Tot_low Std curve r2 low; FE_2_diff Std curve r2 low; Fe2 Chk Std 0.6 out of range; Fe2 Chk Std 9 out of range","Within range","Within range",19.9371770306506,0.126883612445131,-0.0338836124451313,-19.0544238321102,19.9371770306506,-19.0544238321102,19.9371770306506,0,19.9371770306506,"Plate1_1_C_F4_20250403"
"71","Plate1","H11",0.09,0.088,"C_F4_20250403",1,"FE_Tot_low Std curve r2 low; FE_2_diff Std curve r2 low; Fe2 Chk Std 0.6 out of range; Fe2 Chk Std 9 out of range","Within range","Within range",18.5172471814652,0.120697783446996,-0.0326977834469959,-18.3875737918594,18.5172471814652,-18.3875737918594,18.5172471814652,0,18.5172471814652,"Plate1_1_C_F4_20250403"
"72","Plate1","H12",0.09,0.089,"C_F4_20250403",1,"FE_Tot_low Std curve r2 low; FE_2_diff Std curve r2 low; Fe2 Chk Std 0.6 out of range; Fe2 Chk Std 9 out of range","Within range","Within range",18.5172471814652,0.120697783446996,-0.0316977834469959,-17.8252245481663,18.5172471814652,-17.8252245481663,18.5172471814652,0,18.5172471814652,"Plate1_1_C_F4_20250403"
"73","Plate2","A04",0.073,0.075,"FW_I5_20250406",1,"FE_Tot_low Std curve r2 low; FE_2_diff Std curve r2 low; Fe2 Chk Std 0.6 out of range; Fe2 Chk Std 9 out of range; Spk recovery out of range","Within range","Within range",12.4825453224271,0.0944080102049205,-0.0194080102049205,-10.9140798603253,12.4825453224271,-10.9140798603253,12.4825453224271,0,12.4825453224271,"Plate2_1_FW_I5_20250406"
"74","Plate2","A05",0.071,0.072,"FW_I5_20250406",1,"FE_Tot_low Std curve r2 low; FE_2_diff Std curve r2 low; Fe2 Chk Std 0.6 out of range; Fe2 Chk Std 9 out of range; Spk recovery out of range","Within range","Within range",11.7725803978344,0.0913150957058528,-0.0193150957058529,-10.8618294620465,11.7725803978344,-10.8618294620465,11.7725803978344,0,11.7725803978344,"Plate2_1_FW_I5_20250406"
"75","Plate2","A06",0.071,0.072,"FW_I5_20250406",1,"FE_Tot_low Std curve r2 low; FE_2_diff Std curve r2 low; Fe2 Chk Std 0.6 out of range; Fe2 Chk Std 9 out of range; Spk recovery out of range","Within range","Within range",11.7725803978344,0.0913150957058528,-0.0193150957058529,-10.8618294620465,11.7725803978344,-10.8618294620465,11.7725803978344,0,11.7725803978344,"Plate2_1_FW_I5_20250406"
"76","Plate2","A07",0.104,0.148,"SW_E3_20250602",1,"FE_Tot_low Std curve r2 low; FE_2_diff Std curve r2 low; Fe2 Chk Std 0.6 out of range; Fe2 Chk Std 9 out of range; Spk recovery out of range","Within range","Within range",23.4870016536141,0.14234818494047,0.00565181505953025,3.17829392422019,23.4870016536141,3.17829392422019,23.4870016536141,3.17829392422019,26.6652955778343,"Plate2_1_SW_E3_20250602"
"77","Plate2","A08",0.175,0.182,"SW_E3_20250602",1,"FE_Tot_low Std curve r2 low; FE_2_diff Std curve r2 low; Fe2 Chk Std 0.6 out of range; Fe2 Chk Std 9 out of range; Spk recovery out of range","Within range","Within range",48.6907564766553,0.252146649657373,-0.0701466496573728,-42.1171757147768,48.6907564766553,-42.1171757147768,48.6907564766553,0,48.6907564766553,"Plate2_1_SW_E3_20250602"
"78","Plate2","A09",0.107,0.176,"SW_E3_20250602",1,"FE_Tot_low Std curve r2 low; FE_2_diff Std curve r2 low; Fe2 Chk Std 0.6 out of range; Fe2 Chk Std 9 out of range; Spk recovery out of range","Within range","Within range",24.5519490405032,0.146987556689071,0.0290124433109287,17.4195371954298,24.5519490405032,17.4195371954298,24.5519490405032,17.4195371954298,41.9714862359329,"Plate2_1_SW_E3_20250602"
"79","Plate2","A10",0.055,0.066,"C_D5_20250602",1,"FE_Tot_low Std curve r2 low; FE_2_diff Std curve r2 low; Fe2 Chk Std 0.6 out of range; Fe2 Chk Std 9 out of range; Spk recovery out of range","Within range","Within range",6.09286100109274,0.0665717797133113,-0.000571779713311321,-0.321539889339688,6.09286100109274,-0.321539889339688,6.09286100109274,0,6.09286100109274,"Plate2_1_C_D5_20250602"
"80","Plate2","A11",0.06,0.068,"C_D5_20250602",1,"FE_Tot_low Std curve r2 low; FE_2_diff Std curve r2 low; Fe2 Chk Std 0.6 out of range; Fe2 Chk Std 9 out of range; Spk recovery out of range","Within range","Within range",7.86777331257451,0.0743040659609805,-0.00630406596098054,-3.54508672534892,7.86777331257451,-3.54508672534892,7.86777331257451,0,7.86777331257451,"Plate2_1_C_D5_20250602"
"81","Plate2","A12",0.05,0.066,"C_D5_20250602",1,"FE_Tot_low Std curve r2 low; FE_2_diff Std curve r2 low; Fe2 Chk Std 0.6 out of range; Fe2 Chk Std 9 out of range; Spk recovery out of range","Within range","Within range",4.31794868961096,0.0588394934656421,0.0071605065343579,4.02670543405578,4.31794868961096,4.02670543405578,4.31794868961096,4.02670543405578,8.34465412366674,"Plate2_1_C_D5_20250602"
"82","Plate2","B04",0.064,0.065,"FW_B4_20250509",1,"FE_Tot_low Std curve r2 low; FE_2_diff Std curve r2 low; Fe2 Chk Std 0.6 out of range; Fe2 Chk Std 9 out of range; Spk recovery out of range","Within range","Within range",9.28770316175993,0.0804898949591159,-0.0154898949591159,-8.71073071514464,9.28770316175993,-8.71073071514464,9.28770316175993,0,9.28770316175993,"Plate2_1_FW_B4_20250509"
"83","Plate2","B05",0.064,0.334,"FW_B4_20250509",1,"FE_Tot_low Std curve r2 low; FE_2_diff Std curve r2 low; Fe2 Chk Std 0.6 out of range; Fe2 Chk Std 9 out of range; Spk recovery out of range","Within range","High",9.28770316175993,0.0804898949591159,0.253510105040884,152.211540987777,9.28770316175993,152.211540987777,9.28770316175993,152.211540987777,161.499244149537,"Plate2_1_FW_B4_20250509"
"84","Plate2","B06",0.061,0.063,"FW_B4_20250509",1,"FE_Tot_low Std curve r2 low; FE_2_diff Std curve r2 low; Fe2 Chk Std 0.6 out of range; Fe2 Chk Std 9 out of range; Spk recovery out of range","Within range","Within range",8.22275577487087,0.0758505232105144,-0.0128505232105144,-7.2264820084936,8.22275577487087,-7.2264820084936,8.22275577487087,0,8.22275577487087,"Plate2_1_FW_B4_20250509"
"85","Plate2","B07",0.223,0.313,"SW_C3_20250602",1,"FE_Tot_low Std curve r2 low; FE_2_diff Std curve r2 low; Fe2 Chk Std 0.6 out of range; Fe2 Chk Std 9 out of range; Spk recovery out of range","Within range","Within range",81.7607697530413,0.351054371633719,-0.0380543716337189,-22.8484562647149,81.7607697530413,-22.8484562647149,81.7607697530413,0,81.7607697530413,"Plate2_1_SW_C3_20250602"
"86","Plate2","B08",0.185,0.287,"SW_C3_20250602",1,"FE_Tot_low Std curve r2 low; FE_2_diff Std curve r2 low; Fe2 Chk Std 0.6 out of range; Fe2 Chk Std 9 out of range; Spk recovery out of range","Within range","Within range",52.2405810996189,0.267611222152711,0.0193887778472887,11.6413337982308,52.2405810996189,11.6413337982308,52.2405810996189,11.6413337982308,63.8819148978497,"Plate2_1_SW_C3_20250602"
"87","Plate2","B09",0.382,0.396,"SW_C3_20250602",1,"FE_Tot_low Std curve r2 low; FE_2_diff Std curve r2 low; Fe2 Chk Std 0.6 out of range; Fe2 Chk Std 9 out of range; Spk recovery out of range","Within range","Within range",157.570347014372,0.626755046958815,-0.230755046958815,-138.549038440277,157.570347014372,-138.549038440277,157.570347014372,0,157.570347014372,"Plate2_1_SW_C3_20250602"
"88","Plate2","B10",0.081,0.08,"C_F6_20250602",1,"FE_Tot_low Std curve r2 low; FE_2_diff Std curve r2 low; Fe2 Chk Std 0.6 out of range; Fe2 Chk Std 9 out of range; Spk recovery out of range","Within range","Within range",15.322405020798,0.106779668201191,-0.0267796682011913,-15.0595261592925,15.322405020798,-15.0595261592925,15.322405020798,0,15.322405020798,"Plate2_1_C_F6_20250602"
"89","Plate2","B11",0.077,0.077,"C_F6_20250602",1,"FE_Tot_low Std curve r2 low; FE_2_diff Std curve r2 low; Fe2 Chk Std 0.6 out of range; Fe2 Chk Std 9 out of range; Spk recovery out of range","Within range","Within range",13.9024751716125,0.100593839203056,-0.0235938392030559,-13.2679776316555,13.9024751716125,-13.2679776316555,13.9024751716125,0,13.9024751716125,"Plate2_1_C_F6_20250602"
"90","Plate2","B12",0.078,0.076,"C_F6_20250602",1,"FE_Tot_low Std curve r2 low; FE_2_diff Std curve r2 low; Fe2 Chk Std 0.6 out of range; Fe2 Chk Std 9 out of range; Spk recovery out of range","Within range","Within range",14.2574576339089,0.10214029645259,-0.0261402964525898,-14.6999759400277,14.2574576339089,-14.6999759400277,14.2574576339089,0,14.2574576339089,"Plate2_1_C_F6_20250602"
"91","Plate2","C04",0.066,0.066,"FW_I5_2020509",1,"FE_Tot_low Std curve r2 low; FE_2_diff Std curve r2 low; Fe2 Chk Std 0.6 out of range; Fe2 Chk Std 9 out of range; Spk recovery out of range","Within range","Within range",9.99766808635264,0.0835828094581836,-0.0175828094581836,-9.88767960080972,9.99766808635264,-9.88767960080972,9.99766808635264,0,9.99766808635264,"Plate2_1_FW_I5_2020509"
"92","Plate2","C05",0.064,0.064,"FW_I5_2020509",1,"FE_Tot_low Std curve r2 low; FE_2_diff Std curve r2 low; Fe2 Chk Std 0.6 out of range; Fe2 Chk Std 9 out of range; Spk recovery out of range","Within range","Within range",9.28770316175993,0.0804898949591159,-0.0164898949591159,-9.27307995883776,9.28770316175993,-9.27307995883776,9.28770316175993,0,9.28770316175993,"Plate2_1_FW_I5_2020509"
"93","Plate2","C06",0.064,0.063,"FW_I5_2020509",1,"FE_Tot_low Std curve r2 low; FE_2_diff Std curve r2 low; Fe2 Chk Std 0.6 out of range; Fe2 Chk Std 9 out of range; Spk recovery out of range","Within range","Within range",9.28770316175993,0.0804898949591159,-0.0174898949591159,-9.83542920253087,9.28770316175993,-9.83542920253087,9.28770316175993,0,9.28770316175993,"Plate2_1_FW_I5_2020509"
"94","Plate2","C07",0.151,0.225,"SW_B4_20250602",1,"FE_Tot_low Std curve r2 low; FE_2_diff Std curve r2 low; Fe2 Chk Std 0.6 out of range; Fe2 Chk Std 9 out of range; Spk recovery out of range","Within range","Within range",40.1711773815428,0.21503167566856,0.00996832433143952,5.98514212011259,40.1711773815428,5.98514212011259,40.1711773815428,5.98514212011259,46.1563195016554,"Plate2_1_SW_B4_20250602"
"95","Plate2","C08",0.136,0.202,"SW_B4_20250602",1,"FE_Tot_low Std curve r2 low; FE_2_diff Std curve r2 low; Fe2 Chk Std 0.6 out of range; Fe2 Chk Std 9 out of range; Spk recovery out of range","Within range","Within range",34.8464404470975,0.191834816925553,0.0101651830744472,6.10333927294515,34.8464404470975,6.10333927294515,34.8464404470975,6.10333927294515,40.9497797200426,"Plate2_1_SW_B4_20250602"
"96","Plate2","C09",0.113,0.17,"SW_B4_20250602",1,"FE_Tot_low Std curve r2 low; FE_2_diff Std curve r2 low; Fe2 Chk Std 0.6 out of range; Fe2 Chk Std 9 out of range; Spk recovery out of range","Within range","Within range",26.6818438142813,0.156266300186274,0.0137336998137256,8.24593406946677,26.6818438142813,8.24593406946677,26.6818438142813,8.24593406946677,34.9277778837481,"Plate2_1_SW_B4_20250602"
"97","Plate2","C10",0.074,0.073,"C_F4_20250602",1,"FE_Tot_low Std curve r2 low; FE_2_diff Std curve r2 low; Fe2 Chk Std 0.6 out of range; Fe2 Chk Std 9 out of range; Spk recovery out of range","Within range","Within range",12.8375277847235,0.0959544674544544,-0.0229544674544544,-12.9084274123907,12.8375277847235,-12.9084274123907,12.8375277847235,0,12.8375277847235,"Plate2_1_C_F4_20250602"
"98","Plate2","C11",0.072,0.072,"C_F4_20250602",1,"FE_Tot_low Std curve r2 low; FE_2_diff Std curve r2 low; Fe2 Chk Std 0.6 out of range; Fe2 Chk Std 9 out of range; Spk recovery out of range","Within range","Within range",12.1275628601308,0.0928615529553867,-0.0208615529553867,-11.7314785267256,12.1275628601308,-11.7314785267256,12.1275628601308,0,12.1275628601308,"Plate2_1_C_F4_20250602"
"99","Plate2","C12",0.073,0.073,"C_F4_20250602",1,"FE_Tot_low Std curve r2 low; FE_2_diff Std curve r2 low; Fe2 Chk Std 0.6 out of range; Fe2 Chk Std 9 out of range; Spk recovery out of range","Within range","Within range",12.4825453224271,0.0944080102049205,-0.0214080102049205,-12.0387783477116,12.4825453224271,-12.0387783477116,12.4825453224271,0,12.4825453224271,"Plate2_1_C_F4_20250602"
"100","Plate2","D04",0.232,0.282,"SW_B4_20250509",1,"FE_Tot_low Std curve r2 low; FE_2_diff Std curve r2 low; Fe2 Chk Std 0.6 out of range; Fe2 Chk Std 9 out of range; Spk recovery out of range","Within range","Within range",86.051877899909,0.366660070237026,-0.0846600702370263,-50.831266662262,86.051877899909,-50.831266662262,86.051877899909,0,86.051877899909,"Plate2_1_SW_B4_20250509"
"101","Plate2","D05",0.153,0.212,"SW_B4_20250509",1,"FE_Tot_low Std curve r2 low; FE_2_diff Std curve r2 low; Fe2 Chk Std 0.6 out of range; Fe2 Chk Std 9 out of range; Spk recovery out of range","Within range","Within range",40.8811423061355,0.218124590167628,-0.0061245901676282,-3.67730235914238,40.8811423061355,-3.67730235914238,40.8811423061355,0,40.8811423061355,"Plate2_1_SW_B4_20250509"
"102","Plate2","D06",0.226,0.265,"SW_B4_20250509",1,"FE_Tot_low Std curve r2 low; FE_2_diff Std curve r2 low; Fe2 Chk Std 0.6 out of range; Fe2 Chk Std 9 out of range; Spk recovery out of range","Within range","Within range",83.1911391353305,0.356256271168155,-0.0912562711681547,-54.7917317026206,83.1911391353305,-54.7917317026206,83.1911391353305,0,83.1911391353305,"Plate2_1_SW_B4_20250509"
"103","Plate2","D07",0.119,0.191,"SW_B4_20250602 dup",1,"FE_Tot_low Std curve r2 low; FE_2_diff Std curve r2 low; Fe2 Chk Std 0.6 out of range; Fe2 Chk Std 9 out of range; Spk recovery out of range","Within range","Within range",28.8117385880594,0.165545043683477,0.0254549563165226,15.2835648349781,28.8117385880594,15.2835648349781,28.8117385880594,15.2835648349781,44.0953034230375,"Plate2_1_SW_B4_20250602 dup"
"104","Plate2","D08",0.213,0.223,"SW_B4_20250602 dup",1,"FE_Tot_low Std curve r2 low; FE_2_diff Std curve r2 low; Fe2 Chk Std 0.6 out of range; Fe2 Chk Std 9 out of range; Spk recovery out of range","Within range","Within range",76.9928718120771,0.333714706518933,-0.110714706518933,-66.4748889853464,76.9928718120771,-66.4748889853464,76.9928718120771,0,76.9928718120771,"Plate2_1_SW_B4_20250602 dup"
"105","Plate2","D09",0.128,0.175,"SW_B4_20250602 dup",1,"FE_Tot_low Std curve r2 low; FE_2_diff Std curve r2 low; Fe2 Chk Std 0.6 out of range; Fe2 Chk Std 9 out of range; Spk recovery out of range","Within range","Within range",32.0065807487266,0.179463158929282,-0.00446315892928206,-2.67975234434864,32.0065807487266,-2.67975234434864,32.0065807487266,0,32.0065807487266,"Plate2_1_SW_B4_20250602 dup"
"106","Plate2","D10",0.103,0.107,"C_H3_20250602",1,"FE_Tot_low Std curve r2 low; FE_2_diff Std curve r2 low; Fe2 Chk Std 0.6 out of range; Fe2 Chk Std 9 out of range; Spk recovery out of range","Within range","Within range",23.1320191913178,0.140801727690936,-0.0338017276909359,-19.0083760025184,23.1320191913178,-19.0083760025184,23.1320191913178,0,23.1320191913178,"Plate2_1_C_H3_20250602"
"107","Plate2","D11",0.101,0.103,"C_H3_20250602",1,"FE_Tot_low Std curve r2 low; FE_2_diff Std curve r2 low; Fe2 Chk Std 0.6 out of range; Fe2 Chk Std 9 out of range; Spk recovery out of range","Within range","Within range",22.4220542667251,0.137708813191868,-0.0347088131918682,-19.5184748479327,22.4220542667251,-19.5184748479327,22.4220542667251,0,22.4220542667251,"Plate2_1_C_H3_20250602"
"108","Plate2","D12",0.101,0.101,"C_H3_20250602",1,"FE_Tot_low Std curve r2 low; FE_2_diff Std curve r2 low; Fe2 Chk Std 0.6 out of range; Fe2 Chk Std 9 out of range; Spk recovery out of range","Within range","Within range",22.4220542667251,0.137708813191868,-0.0367088131918682,-20.6431733353189,22.4220542667251,-20.6431733353189,22.4220542667251,0,22.4220542667251,"Plate2_1_C_H3_20250602"
"109","Plate2","E04",0.226,0.359,"SW_C6_20250509",1,"FE_Tot_low Std curve r2 low; FE_2_diff Std curve r2 low; Fe2 Chk Std 0.6 out of range; Fe2 Chk Std 9 out of range; Spk recovery out of range","Within range","Within range",83.1911391353305,0.356256271168155,0.00274372883184526,1.64737888251204,83.1911391353305,1.64737888251204,83.1911391353305,1.64737888251204,84.8385180178425,"Plate2_1_SW_C6_20250509"
"110","Plate2","E05",0.227,0.308,"SW_C6_20250509",1,"FE_Tot_low Std curve r2 low; FE_2_diff Std curve r2 low; Fe2 Chk Std 0.6 out of range; Fe2 Chk Std 9 out of range; Spk recovery out of range","Within range","Within range",83.6679289294269,0.357990237679633,-0.0499902376796333,-30.014942048701,83.6679289294269,-30.014942048701,83.6679289294269,0,83.6679289294269,"Plate2_1_SW_C6_20250509"
"111","Plate2","E06",0.28,0.354,"SW_C6_20250509",1,"FE_Tot_low Std curve r2 low; FE_2_diff Std curve r2 low; Fe2 Chk Std 0.6 out of range; Fe2 Chk Std 9 out of range; Spk recovery out of range","Within range","Within range",108.937788016537,0.449890462787999,-0.0958904627879988,-57.5741748228874,108.937788016537,-57.5741748228874,108.937788016537,0,108.937788016537,"Plate2_1_SW_C6_20250509"
"112","Plate2","E07",0.071,0.07,"C_C6_20250602",1,"FE_Tot_low Std curve r2 low; FE_2_diff Std curve r2 low; Fe2 Chk Std 0.6 out of range; Fe2 Chk Std 9 out of range; Spk recovery out of range","Within range","Within range",11.7725803978344,0.0913150957058528,-0.0213150957058528,-11.9865279494327,11.7725803978344,-11.9865279494327,11.7725803978344,0,11.7725803978344,"Plate2_1_C_C6_20250602"
"113","Plate2","E08",0.066,0.067,"C_C6_20250602",1,"FE_Tot_low Std curve r2 low; FE_2_diff Std curve r2 low; Fe2 Chk Std 0.6 out of range; Fe2 Chk Std 9 out of range; Spk recovery out of range","Within range","Within range",9.99766808635264,0.0835828094581836,-0.0165828094581836,-9.32533035711661,9.99766808635264,-9.32533035711661,9.99766808635264,0,9.99766808635264,"Plate2_1_C_C6_20250602"
"114","Plate2","E09",0.067,0.067,"C_C6_20250602",1,"FE_Tot_low Std curve r2 low; FE_2_diff Std curve r2 low; Fe2 Chk Std 0.6 out of range; Fe2 Chk Std 9 out of range; Spk recovery out of range","Within range","Within range",10.352650548649,0.0851292667077175,-0.0181292667077175,-10.1949794217957,10.352650548649,-10.1949794217957,10.352650548649,0,10.352650548649,"Plate2_1_C_C6_20250602"
"115","Plate2","E10",0.107,0.107,"C_I5_20250602",1,"FE_Tot_low Std curve r2 low; FE_2_diff Std curve r2 low; Fe2 Chk Std 0.6 out of range; Fe2 Chk Std 9 out of range; Spk recovery out of range","Within range","Within range",24.5519490405032,0.146987556689071,-0.0399875566890713,-22.4869722612348,24.5519490405032,-22.4869722612348,24.5519490405032,0,24.5519490405032,"Plate2_1_C_I5_20250602"
"116","Plate2","E11",0.102,0.101,"C_I5_20250602",1,"FE_Tot_low Std curve r2 low; FE_2_diff Std curve r2 low; Fe2 Chk Std 0.6 out of range; Fe2 Chk Std 9 out of range; Spk recovery out of range","Within range","Within range",22.7770367290214,0.139255270441402,-0.0382552704414021,-21.512822399998,22.7770367290214,-21.512822399998,22.7770367290214,0,22.7770367290214,"Plate2_1_C_I5_20250602"
"117","Plate2","E12",0.101,0.101,"C_I5_20250602",1,"FE_Tot_low Std curve r2 low; FE_2_diff Std curve r2 low; Fe2 Chk Std 0.6 out of range; Fe2 Chk Std 9 out of range; Spk recovery out of range","Within range","Within range",22.4220542667251,0.137708813191868,-0.0367088131918682,-20.6431733353189,22.4220542667251,-20.6431733353189,22.4220542667251,0,22.4220542667251,"Plate2_1_C_I5_20250602"
"118","Plate2","F04",0.23,0.253,"SW_D5_20250509",1,"FE_Tot_low Std curve r2 low; FE_2_diff Std curve r2 low; Fe2 Chk Std 0.6 out of range; Fe2 Chk Std 9 out of range; Spk recovery out of range","Within range","Within range",85.0982983117162,0.363192137214069,-0.110192137214069,-66.1611299769889,85.0982983117162,-66.1611299769889,85.0982983117162,0,85.0982983117162,"Plate2_1_SW_D5_20250509"
"119","Plate2","F05",0.192,0.234,"SW_D5_20250509",1,"FE_Tot_low Std curve r2 low; FE_2_diff Std curve r2 low; Fe2 Chk Std 0.6 out of range; Fe2 Chk Std 9 out of range; Spk recovery out of range","Within range","Within range",54.7254583356934,0.278436422899448,-0.0444364228994481,-26.680342404571,54.7254583356934,-26.680342404571,54.7254583356934,0,54.7254583356934,"Plate2_1_SW_D5_20250509"
"120","Plate2","F06",0.214,0.235,"SW_D5_20250509",1,"FE_Tot_low Std curve r2 low; FE_2_diff Std curve r2 low; Fe2 Chk Std 0.6 out of range; Fe2 Chk Std 9 out of range; Spk recovery out of range","Within range","Within range",77.4696616061735,0.335448673030412,-0.100448673030412,-60.3109975031195,77.4696616061735,-60.3109975031195,77.4696616061735,0,77.4696616061735,"Plate2_1_SW_D5_20250509"
"121","Plate2","F07",0.107,0.177,"C_C6_20250602 spk",1,"FE_Tot_low Std curve r2 low; FE_2_diff Std curve r2 low; Fe2 Chk Std 0.6 out of range; Fe2 Chk Std 9 out of range; Spk recovery out of range","Within range","Within range",24.5519490405032,0.146987556689071,0.0300124433109287,18.0199532654844,24.5519490405032,18.0199532654844,24.5519490405032,18.0199532654844,42.5719023059875,"Plate2_1_C_C6_20250602 spk"
"122","Plate2","F08",0.118,0.184,"C_C6_20250602 spk",1,"FE_Tot_low Std curve r2 low; FE_2_diff Std curve r2 low; Fe2 Chk Std 0.6 out of range; Fe2 Chk Std 9 out of range; Spk recovery out of range","Within range","Within range",28.4567561257631,0.163998586433944,0.0200014135660564,12.0091701288684,28.4567561257631,12.0091701288684,28.4567561257631,12.0091701288684,40.4659262546315,"Plate2_1_C_C6_20250602 spk"
"123","Plate2","F09",0.108,0.193,"C_C6_20250602 spk",1,"FE_Tot_low Std curve r2 low; FE_2_diff Std curve r2 low; Fe2 Chk Std 0.6 out of range; Fe2 Chk Std 9 out of range; Spk recovery out of range","Within range","Within range",24.9069315027995,0.148534013938605,0.0444659860613948,26.6980926020854,24.9069315027995,26.6980926020854,24.9069315027995,26.6980926020854,51.605024104885,"Plate2_1_C_C6_20250602 spk"
"124","Plate2","F10",0.088,0.098,"C_H6_20250602",1,"FE_Tot_low Std curve r2 low; FE_2_diff Std curve r2 low; Fe2 Chk Std 0.6 out of range; Fe2 Chk Std 9 out of range; Spk recovery out of range","Within range","Within range",17.8072822568724,0.117604868947928,-0.0196048689479282,-11.0247832255701,17.8072822568724,-11.0247832255701,17.8072822568724,0,17.8072822568724,"Plate2_1_C_H6_20250602"
"125","Plate2","F11",0.09,0.094,"C_H6_20250602",1,"FE_Tot_low Std curve r2 low; FE_2_diff Std curve r2 low; Fe2 Chk Std 0.6 out of range; Fe2 Chk Std 9 out of range; Spk recovery out of range","Within range","Within range",18.5172471814652,0.120697783446996,-0.0266977834469959,-15.0134783297007,18.5172471814652,-15.0134783297007,18.5172471814652,0,18.5172471814652,"Plate2_1_C_H6_20250602"
"126","Plate2","F12",0.089,0.092,"C_H6_20250602",1,"FE_Tot_low Std curve r2 low; FE_2_diff Std curve r2 low; Fe2 Chk Std 0.6 out of range; Fe2 Chk Std 9 out of range; Spk recovery out of range","Within range","Within range",18.1622647191688,0.119151326197462,-0.0271513261974621,-15.2685277524079,18.1622647191688,-15.2685277524079,18.1622647191688,0,18.1622647191688,"Plate2_1_C_H6_20250602"
"127","Plate2","G04",0.045,0.056,"FW_E3_20250602",1,"FE_Tot_low Std curve r2 low; FE_2_diff Std curve r2 low; Fe2 Chk Std 0.6 out of range; Fe2 Chk Std 9 out of range; Spk recovery out of range","Within range","Within range",2.54303637812919,0.0511072072179729,0.00489279278202713,2.75145832052009,2.54303637812919,2.75145832052009,2.54303637812919,2.75145832052009,5.29449469864928,"Plate2_1_FW_E3_20250602"
"128","Plate2","G05",0.053,0.056,"FW_E3_20250602",1,"FE_Tot_low Std curve r2 low; FE_2_diff Std curve r2 low; Fe2 Chk Std 0.6 out of range; Fe2 Chk Std 9 out of range; Spk recovery out of range","Within range","Within range",5.38289607650003,0.0634788652142436,-0.00747886521424363,-4.20573419691265,5.38289607650003,-4.20573419691265,5.38289607650003,0,5.38289607650003,"Plate2_1_FW_E3_20250602"
"129","Plate2","G06",0.055,0.059,"FW_E3_20250602",1,"FE_Tot_low Std curve r2 low; FE_2_diff Std curve r2 low; Fe2 Chk Std 0.6 out of range; Fe2 Chk Std 9 out of range; Spk recovery out of range","Within range","Within range",6.09286100109274,0.0665717797133113,-0.00757177971331133,-4.2579845951915,6.09286100109274,-4.2579845951915,6.09286100109274,0,6.09286100109274,"Plate2_1_FW_E3_20250602"
"130","Plate2","G07",0.075,0.095,"C_B4_20250602",1,"FE_Tot_low Std curve r2 low; FE_2_diff Std curve r2 low; Fe2 Chk Std 0.6 out of range; Fe2 Chk Std 9 out of range; Spk recovery out of range","Within range","Within range",13.1925102470198,0.0975009247039882,-0.00250092470398823,-1.40639311582121,13.1925102470198,-1.40639311582121,13.1925102470198,0,13.1925102470198,"Plate2_1_C_B4_20250602"
"131","Plate2","G08",0.093,0.094,"C_B4_20250602",1,"FE_Tot_low Std curve r2 low; FE_2_diff Std curve r2 low; Fe2 Chk Std 0.6 out of range; Fe2 Chk Std 9 out of range; Spk recovery out of range","Within range","Within range",19.5821945683542,0.125337155195597,-0.0313371551955975,-17.622425523738,19.5821945683542,-17.622425523738,19.5821945683542,0,19.5821945683542,"Plate2_1_C_B4_20250602"
"132","Plate2","G09",0.07,0.095,"C_B4_20250602",1,"FE_Tot_low Std curve r2 low; FE_2_diff Std curve r2 low; Fe2 Chk Std 0.6 out of range; Fe2 Chk Std 9 out of range; Spk recovery out of range","Within range","Within range",11.4175979355381,0.089768638456319,0.00523136154368098,2.94185220757425,11.4175979355381,2.94185220757425,11.4175979355381,2.94185220757425,14.3594501431123,"Plate2_1_C_B4_20250602"
"133","Plate2","G10",0.255,0.346,"SW_B4_20250711",1,"FE_Tot_low Std curve r2 low; FE_2_diff Std curve r2 low; Fe2 Chk Std 0.6 out of range; Fe2 Chk Std 9 out of range; Spk recovery out of range","Within range","Within range",97.0180431641266,0.406541300001034,-0.060541300001034,-36.3499694226175,97.0180431641266,-36.3499694226175,97.0180431641266,0,97.0180431641266,"Plate2_1_SW_B4_20250711"
"134","Plate2","G11",0.319,0.353,"SW_B4_20250711",1,"FE_Tot_low Std curve r2 low; FE_2_diff Std curve r2 low; Fe2 Chk Std 0.6 out of range; Fe2 Chk Std 9 out of range; Spk recovery out of range","Within range","Within range",127.532589986297,0.517515156735664,-0.164515156735664,-98.7775438716443,127.532589986297,-98.7775438716443,127.532589986297,0,127.532589986297,"Plate2_1_SW_B4_20250711"
"135","Plate2","G12",0.324,0.345,"SW_B4_20250711",1,"FE_Tot_low Std curve r2 low; FE_2_diff Std curve r2 low; Fe2 Chk Std 0.6 out of range; Fe2 Chk Std 9 out of range; Spk recovery out of range","Within range","Within range",129.916538956779,0.526184989293057,-0.181184989293057,-108.786379224222,129.916538956779,-108.786379224222,129.916538956779,0,129.916538956779,"Plate2_1_SW_B4_20250711"
"136","Plate2","H04",0.158,0.173,"SW_F4_20250602",1,"FE_Tot_low Std curve r2 low; FE_2_diff Std curve r2 low; Fe2 Chk Std 0.6 out of range; Fe2 Chk Std 9 out of range; Spk recovery out of range","Within range","Within range",42.6560546176173,0.225856876415297,-0.0528568764152974,-31.7361180126347,42.6560546176173,-31.7361180126347,42.6560546176173,0,42.6560546176173,"Plate2_1_SW_F4_20250602"
"137","Plate2","H05",0.148,0.166,"SW_F4_20250602",1,"FE_Tot_low Std curve r2 low; FE_2_diff Std curve r2 low; Fe2 Chk Std 0.6 out of range; Fe2 Chk Std 9 out of range; Spk recovery out of range","Within range","Within range",39.1062299946537,0.210392303919959,-0.044392303919959,-26.6538526602913,39.1062299946537,-26.6538526602913,39.1062299946537,0,39.1062299946537,"Plate2_1_SW_F4_20250602"
"138","Plate2","H06",0.146,0.158,"SW_F4_20250602",1,"FE_Tot_low Std curve r2 low; FE_2_diff Std curve r2 low; Fe2 Chk Std 0.6 out of range; Fe2 Chk Std 9 out of range; Spk recovery out of range","Within range","Within range",38.396265070061,0.207299389420891,-0.0492993894208913,-29.600145652183,38.396265070061,-29.600145652183,38.396265070061,0,38.396265070061,"Plate2_1_SW_F4_20250602"
"139","Plate2","H07",0.104,0.105,"C_C3_20250602",1,"FE_Tot_low Std curve r2 low; FE_2_diff Std curve r2 low; Fe2 Chk Std 0.6 out of range; Fe2 Chk Std 9 out of range; Spk recovery out of range","Within range","Within range",23.4870016536141,0.14234818494047,-0.0373481849404698,-21.0027235545838,23.4870016536141,-21.0027235545838,23.4870016536141,0,23.4870016536141,"Plate2_1_C_C3_20250602"
"140","Plate2","H08",0.101,0.101,"C_C3_20250602",1,"FE_Tot_low Std curve r2 low; FE_2_diff Std curve r2 low; Fe2 Chk Std 0.6 out of range; Fe2 Chk Std 9 out of range; Spk recovery out of range","Within range","Within range",22.4220542667251,0.137708813191868,-0.0367088131918682,-20.6431733353189,22.4220542667251,-20.6431733353189,22.4220542667251,0,22.4220542667251,"Plate2_1_C_C3_20250602"
"141","Plate2","H09",0.101,0.099,"C_C3_20250602",1,"FE_Tot_low Std curve r2 low; FE_2_diff Std curve r2 low; Fe2 Chk Std 0.6 out of range; Fe2 Chk Std 9 out of range; Spk recovery out of range","Within range","Within range",22.4220542667251,0.137708813191868,-0.0387088131918682,-21.7678718227052,22.4220542667251,-21.7678718227052,22.4220542667251,0,22.4220542667251,"Plate2_1_C_C3_20250602"
"142","Plate2","H10",0.047,0.054,"FW_C6_20250711",1,"FE_Tot_low Std curve r2 low; FE_2_diff Std curve r2 low; Fe2 Chk Std 0.6 out of range; Fe2 Chk Std 9 out of range; Spk recovery out of range","Within range","Within range",3.2530013027219,0.0542001217170406,-0.000200121717040563,-0.112538296224328,3.2530013027219,-0.112538296224328,3.2530013027219,0,3.2530013027219,"Plate2_1_FW_C6_20250711"
"143","Plate2","H11",0.044,0.053,"FW_C6_20250711",1,"FE_Tot_low Std curve r2 low; FE_2_diff Std curve r2 low; Fe2 Chk Std 0.6 out of range; Fe2 Chk Std 9 out of range; Spk recovery out of range","Within range","Within range",2.18805391583283,0.049560749968439,0.00343925003156097,1.93405965411984,2.18805391583283,1.93405965411984,2.18805391583283,1.93405965411984,4.12211356995267,"Plate2_1_FW_C6_20250711"
"144","Plate2","H12",0.046,0.053,"FW_C6_20250711",1,"FE_Tot_low Std curve r2 low; FE_2_diff Std curve r2 low; Fe2 Chk Std 0.6 out of range; Fe2 Chk Std 9 out of range; Spk recovery out of range","Within range","Within range",2.89801884042554,0.0526536644675067,0.000346335532493282,0.194761524761649,2.89801884042554,0.194761524761649,2.89801884042554,0.194761524761649,3.09278036518719,"Plate2_1_FW_C6_20250711"
"145","Plate3","A04",0.059,0.062,"FW_I5_20250711",1,"FE_Tot_low Std curve r2 low; FE_2_diff Std curve r2 low; Fe2 Chk Std 0.6 out of range; Fe2 Chk Std 9 out of range","Within range","Within range",7.51279085027816,0.0727576087114467,-0.0107576087114467,-6.04953312282853,7.51279085027816,-6.04953312282853,7.51279085027816,0,7.51279085027816,"Plate3_1_FW_I5_20250711"
"146","Plate3","A05",0.058,0.06,"FW_I5_20250711",1,"FE_Tot_low Std curve r2 low; FE_2_diff Std curve r2 low; Fe2 Chk Std 0.6 out of range; Fe2 Chk Std 9 out of range","Within range","Within range",7.1578083879818,0.0712111514619129,-0.0112111514619129,-6.30458254553567,7.1578083879818,-6.30458254553567,7.1578083879818,0,7.1578083879818,"Plate3_1_FW_I5_20250711"
"147","Plate3","A06",0.059,0.06,"FW_I5_20250711",1,"FE_Tot_low Std curve r2 low; FE_2_diff Std curve r2 low; Fe2 Chk Std 0.6 out of range; Fe2 Chk Std 9 out of range","Within range","Within range",7.51279085027816,0.0727576087114467,-0.0127576087114467,-7.17423161021476,7.51279085027816,-7.17423161021476,7.51279085027816,0,7.51279085027816,"Plate3_1_FW_I5_20250711"
"148","Plate3","B04",0.106,0.106,"C_H6_20250711",1,"FE_Tot_low Std curve r2 low; FE_2_diff Std curve r2 low; Fe2 Chk Std 0.6 out of range; Fe2 Chk Std 9 out of range","Within range","Within range",24.1969665782068,0.145441099439537,-0.0394410994395375,-22.1796724402488,24.1969665782068,-22.1796724402488,24.1969665782068,0,24.1969665782068,"Plate3_1_C_H6_20250711"
"149","Plate3","B05",0.101,0.101,"C_H6_20250711",1,"FE_Tot_low Std curve r2 low; FE_2_diff Std curve r2 low; Fe2 Chk Std 0.6 out of range; Fe2 Chk Std 9 out of range","Within range","Within range",22.4220542667251,0.137708813191868,-0.0367088131918682,-20.6431733353189,22.4220542667251,-20.6431733353189,22.4220542667251,0,22.4220542667251,"Plate3_1_C_H6_20250711"
"150","Plate3","B06",0.1,0.1,"C_H6_20250711",1,"FE_Tot_low Std curve r2 low; FE_2_diff Std curve r2 low; Fe2 Chk Std 0.6 out of range; Fe2 Chk Std 9 out of range","Within range","Within range",22.0670718044287,0.136162355942334,-0.0361623559423344,-20.335873514333,22.0670718044287,-20.335873514333,22.0670718044287,0,22.0670718044287,"Plate3_1_C_H6_20250711"
"151","Plate3","C04",0.111,0.114,"SW_D5_20250926",1,"FE_Tot_low Std curve r2 low; FE_2_diff Std curve r2 low; Fe2 Chk Std 0.6 out of range; Fe2 Chk Std 9 out of range","Within range","Within range",25.9718788896886,0.153173385687207,-0.0391733856872067,-22.0291238140994,25.9718788896886,-22.0291238140994,25.9718788896886,0,25.9718788896886,"Plate3_1_SW_D5_20250926"
"152","Plate3","C05",0.105,0.106,"SW_D5_20250926",1,"FE_Tot_low Std curve r2 low; FE_2_diff Std curve r2 low; Fe2 Chk Std 0.6 out of range; Fe2 Chk Std 9 out of range","Within range","Within range",23.8419841159105,0.143894642190004,-0.0378946421900036,-21.3100233755698,23.8419841159105,-21.3100233755698,23.8419841159105,0,23.8419841159105,"Plate3_1_SW_D5_20250926"
"153","Plate3","C06",0.106,0.104,"SW_D5_20250926",1,"FE_Tot_low Std curve r2 low; FE_2_diff Std curve r2 low; Fe2 Chk Std 0.6 out of range; Fe2 Chk Std 9 out of range","Within range","Within range",24.1969665782068,0.145441099439537,-0.0414410994395375,-23.3043709276351,24.1969665782068,-23.3043709276351,24.1969665782068,0,24.1969665782068,"Plate3_1_SW_D5_20250926"
"154","Plate3","D04",0.329,0.4,"SW_F6_20250926",1,"FE_Tot_low Std curve r2 low; FE_2_diff Std curve r2 low; Fe2 Chk Std 0.6 out of range; Fe2 Chk Std 9 out of range","Within range","Within range",132.300487927262,0.53485482185045,-0.13485482185045,-80.9690021633606,132.300487927262,-80.9690021633606,132.300487927262,0,132.300487927262,"Plate3_1_SW_F6_20250926"
"155","Plate3","D05",0.249,0.345,"SW_F6_20250926",1,"FE_Tot_low Std curve r2 low; FE_2_diff Std curve r2 low; Fe2 Chk Std 0.6 out of range; Fe2 Chk Std 9 out of range","Within range","Within range",94.1573043995481,0.396137500932162,-0.0511375009321624,-30.7037773421025,94.1573043995481,-30.7037773421025,94.1573043995481,0,94.1573043995481,"Plate3_1_SW_F6_20250926"
"156","Plate3","D06",0.286,0.388,"SW_F6_20250926",1,"FE_Tot_low Std curve r2 low; FE_2_diff Std curve r2 low; Fe2 Chk Std 0.6 out of range; Fe2 Chk Std 9 out of range","Within range","Within range",111.798526781116,0.46029426185687,-0.0722942618568703,-43.4066365916004,111.798526781116,-43.4066365916004,111.798526781116,0,111.798526781116,"Plate3_1_SW_F6_20250926"
"157","Plate3","D07",0.362,0.402,"SW_F6_20250926 dup",1,"FE_Tot_low Std curve r2 low; FE_2_diff Std curve r2 low; Fe2 Chk Std 0.6 out of range; Fe2 Chk Std 9 out of range","Within range","Within range",148.034551132443,0.592075716729243,-0.190075716729243,-114.124514851384,148.034551132443,-114.124514851384,148.034551132443,0,148.034551132443,"Plate3_1_SW_F6_20250926 dup"
"158","Plate3","D08",0.327,0.378,"SW_F6_20250926 dup",1,"FE_Tot_low Std curve r2 low; FE_2_diff Std curve r2 low; Fe2 Chk Std 0.6 out of range; Fe2 Chk Std 9 out of range","Within range","Within range",131.346908339069,0.531386888827493,-0.153386888827493,-92.0959529877054,131.346908339069,-92.0959529877054,131.346908339069,0,131.346908339069,"Plate3_1_SW_F6_20250926 dup"
"159","Plate3","D09",0.348,0.375,"SW_F6_20250926 dup",1,"FE_Tot_low Std curve r2 low; FE_2_diff Std curve r2 low; Fe2 Chk Std 0.6 out of range; Fe2 Chk Std 9 out of range","Within range","Within range",141.359494015093,0.567800185568543,-0.192800185568543,-115.760329724863,141.359494015093,-115.760329724863,141.359494015093,0,141.359494015093,"Plate3_1_SW_F6_20250926 dup"
"160","Plate3","E04",0.093,0.095,"SW_H6_20250926",1,"FE_Tot_low Std curve r2 low; FE_2_diff Std curve r2 low; Fe2 Chk Std 0.6 out of range; Fe2 Chk Std 9 out of range","Within range","Within range",19.5821945683542,0.125337155195597,-0.0303371551955975,-17.0600762800449,19.5821945683542,-17.0600762800449,19.5821945683542,0,19.5821945683542,"Plate3_1_SW_H6_20250926"
"161","Plate3","E05",0.089,0.091,"SW_H6_20250926",1,"FE_Tot_low Std curve r2 low; FE_2_diff Std curve r2 low; Fe2 Chk Std 0.6 out of range; Fe2 Chk Std 9 out of range","Within range","Within range",18.1622647191688,0.119151326197462,-0.0281513261974621,-15.830876996101,18.1622647191688,-15.830876996101,18.1622647191688,0,18.1622647191688,"Plate3_1_SW_H6_20250926"
"162","Plate3","E06",0.088,0.089,"SW_H6_20250926",1,"FE_Tot_low Std curve r2 low; FE_2_diff Std curve r2 low; Fe2 Chk Std 0.6 out of range; Fe2 Chk Std 9 out of range","Within range","Within range",17.8072822568724,0.117604868947928,-0.0286048689479282,-16.0859264188081,17.8072822568724,-16.0859264188081,17.8072822568724,0,17.8072822568724,"Plate3_1_SW_H6_20250926"
"163","Plate3","F04",0.125,0.163,"SW_B4_20250929",1,"FE_Tot_low Std curve r2 low; FE_2_diff Std curve r2 low; Fe2 Chk Std 0.6 out of range; Fe2 Chk Std 9 out of range","Within range","Within range",30.9416333618376,0.174823787180681,-0.0118237871806805,-7.09919183218619,30.9416333618376,-7.09919183218619,30.9416333618376,0,30.9416333618376,"Plate3_1_SW_B4_20250929"
"164","Plate3","F05",0.173,0.186,"SW_B4_20250929",1,"FE_Tot_low Std curve r2 low; FE_2_diff Std curve r2 low; Fe2 Chk Std 0.6 out of range; Fe2 Chk Std 9 out of range","Within range","Within range",47.9807915520626,0.249053735158305,-0.0630537351583051,-37.8584758660133,47.9807915520626,-37.8584758660133,47.9807915520626,0,47.9807915520626,"Plate3_1_SW_B4_20250929"
"165","Plate3","F06",0.173,0.184,"SW_B4_20250929",1,"FE_Tot_low Std curve r2 low; FE_2_diff Std curve r2 low; Fe2 Chk Std 0.6 out of range; Fe2 Chk Std 9 out of range","Within range","Within range",47.9807915520626,0.249053735158305,-0.0650537351583051,-39.0593080061225,47.9807915520626,-39.0593080061225,47.9807915520626,0,47.9807915520626,"Plate3_1_SW_B4_20250929"
"166","Plate3","F07",0.19,0.198,"SW_B4_20250929 dup",1,"FE_Tot_low Std curve r2 low; FE_2_diff Std curve r2 low; Fe2 Chk Std 0.6 out of range; Fe2 Chk Std 9 out of range","Within range","Within range",54.0154934111006,0.27534350840038,-0.0773435084003805,-46.4382853579916,54.0154934111006,-46.4382853579916,54.0154934111006,0,54.0154934111006,"Plate3_1_SW_B4_20250929 dup"
"167","Plate3","F08",0.181,0.188,"SW_B4_20250929 dup",1,"FE_Tot_low Std curve r2 low; FE_2_diff Std curve r2 low; Fe2 Chk Std 0.6 out of range; Fe2 Chk Std 9 out of range","Within range","Within range",50.8206512504335,0.261425393154576,-0.0734253931545759,-44.0857860000846,50.8206512504335,-44.0857860000846,50.8206512504335,0,50.8206512504335,"Plate3_1_SW_B4_20250929 dup"
"168","Plate3","F09",0.177,0.183,"SW_B4_20250929 dup",1,"FE_Tot_low Std curve r2 low; FE_2_diff Std curve r2 low; Fe2 Chk Std 0.6 out of range; Fe2 Chk Std 9 out of range","Within range","Within range",49.400721401248,0.25523956415644,-0.0722395641564405,-43.3737952132673,49.400721401248,-43.3737952132673,49.400721401248,0,49.400721401248,"Plate3_1_SW_B4_20250929 dup"
"169","Plate3","G04",0.09,0.088,"C_I5_20251101",1,"FE_Tot_low Std curve r2 low; FE_2_diff Std curve r2 low; Fe2 Chk Std 0.6 out of range; Fe2 Chk Std 9 out of range","Within range","Within range",18.5172471814652,0.120697783446996,-0.0326977834469959,-18.3875737918594,18.5172471814652,-18.3875737918594,18.5172471814652,0,18.5172471814652,"Plate3_1_C_I5_20251101"
"170","Plate3","G05",0.086,0.085,"C_I5_20251101",1,"FE_Tot_low Std curve r2 low; FE_2_diff Std curve r2 low; Fe2 Chk Std 0.6 out of range; Fe2 Chk Std 9 out of range","Within range","Within range",17.0973173322797,0.114511954448861,-0.0295119544488605,-16.5960252642224,17.0973173322797,-16.5960252642224,17.0973173322797,0,17.0973173322797,"Plate3_1_C_I5_20251101"
"171","Plate3","G06",0.085,0.084,"C_I5_20251101",1,"FE_Tot_low Std curve r2 low; FE_2_diff Std curve r2 low; Fe2 Chk Std 0.6 out of range; Fe2 Chk Std 9 out of range","Within range","Within range",16.7423348699834,0.112965497199327,-0.0289654971993267,-16.2887254432364,16.7423348699834,-16.2887254432364,16.7423348699834,0,16.7423348699834,"Plate3_1_C_I5_20251101"
"172","Plate3","H04",0.079,0.079,"SW_D5_20251101",1,"FE_Tot_low Std curve r2 low; FE_2_diff Std curve r2 low; Fe2 Chk Std 0.6 out of range; Fe2 Chk Std 9 out of range","Within range","Within range",14.6124400962053,0.103686753702124,-0.0246867537021236,-13.8825772736274,14.6124400962053,-13.8825772736274,14.6124400962053,0,14.6124400962053,"Plate3_1_SW_D5_20251101"
"173","Plate3","H05",0.076,0.076,"SW_D5_20251101",1,"FE_Tot_low Std curve r2 low; FE_2_diff Std curve r2 low; Fe2 Chk Std 0.6 out of range; Fe2 Chk Std 9 out of range","Within range","Within range",13.5474927093162,0.0990473819535221,-0.0230473819535221,-12.9606778106695,13.5474927093162,-12.9606778106695,13.5474927093162,0,13.5474927093162,"Plate3_1_SW_D5_20251101"
"174","Plate3","H06",0.075,0.075,"SW_D5_20251101",1,"FE_Tot_low Std curve r2 low; FE_2_diff Std curve r2 low; Fe2 Chk Std 0.6 out of range; Fe2 Chk Std 9 out of range","Within range","Within range",13.1925102470198,0.0975009247039882,-0.0225009247039882,-12.6533779896835,13.1925102470198,-12.6533779896835,13.1925102470198,0,13.1925102470198,"Plate3_1_SW_D5_20251101"
